0.2510724431,0.250695,0.0,0.0,LDC-1000000,LDC-1000000,faceBased,Fused,julia,float64,gpu,true,true,1,6940000,H200

0.2349927792,0.234893,0.0,0.0,LDC-1000000,LDC-1000000,globalfaceBased,Fused,julia,float64,gpu,true,true,1,6940000,H200
0.304685374,0.3040485,0.0,0.0,LDC-1000000,LDC-1000000,cellBased,Fused,julia,float64,gpu,true,true,1,6940000,H200
0.1029124632,0.102742,0.0,0.0,LDC-343000,LDC-343000,faceBased,Fused,julia,float64,gpu,true,true,1,2371600,H200

0.08951157700000001,0.089433,0.0,0.0,LDC-343000,LDC-343000,globalfaceBased,Fused,julia,float64,gpu,true,true,1,2371600,H200
0.1146787172,0.114307,0.0,0.0,LDC-343000,LDC-343000,cellBased,Fused,julia,float64,gpu,true,true,1,2371600,H200
0.7585247764795144,0.758333,0.0,0.0,LDC-3375000,LDC-3375000,faceBased,Fused,julia,float64,gpu,true,true,1,23490000,H200

0.7419419349858988,0.7414,0.0,0.0,LDC-3375000,LDC-3375000,globalfaceBased,Fused,julia,float64,gpu,true,true,1,23490000,H200
0.9980918067478539,1.016098,0.0,0.0,LDC-3375000,LDC-3375000,cellBased,Fused,julia,float64,gpu,true,true,1,23490000,H200
8.520884879045997,8.518654,0.0,0.0,LDC-39304000,LDC-39304000,faceBased,Fused,julia,float64,gpu,true,true,1,274434400,H200

8.497464015280135,8.496402,0.0,0.0,LDC-39304000,LDC-39304000,globalfaceBased,Fused,julia,float64,gpu,true,true,1,274434400,H200
12.198794648780488,12.470912,0.0,0.0,LDC-39304000,LDC-39304000,cellBased,Fused,julia,float64,gpu,true,true,1,274434400,H200
0.1475814111,0.147092,0.0,0.0,LDC-512000,LDC-512000,faceBased,Fused,julia,float64,gpu,true,true,1,3545600,H200

0.1320157645,0.131901,0.0,0.0,LDC-512000,LDC-512000,globalfaceBased,Fused,julia,float64,gpu,true,true,1,3545600,H200
0.16619526540000001,0.165828,0.0,0.0,LDC-512000,LDC-512000,cellBased,Fused,julia,float64,gpu,true,true,1,3545600,H200
0.9155406252747252,0.915499,0.0,0.0,LDC-4096000,LDC-4096000,faceBased,Fused,julia,float64,gpu,true,true,1,28518400,H200

0.8982113699245419,0.898235,0.0,0.0,LDC-4096000,LDC-4096000,globalfaceBased,Fused,julia,float64,gpu,true,true,1,28518400,H200
1.1873558501543577,1.217725,0.0,0.0,LDC-4096000,LDC-4096000,cellBased,Fused,julia,float64,gpu,true,true,1,28518400,H200
0.25101376670000003,0.250855,0.0,0.0,LDC-1000000,LDC-1000000,faceBased,Fused,julia,float64,gpu,true,true,1,6940000,H200

0.23512450520000003,0.235014,0.0,0.0,LDC-1000000,LDC-1000000,globalfaceBased,Fused,julia,float64,gpu,true,true,1,6940000,H200
0.3031185122,0.302476,0.0,0.0,LDC-1000000,LDC-1000000,cellBased,Fused,julia,float64,gpu,true,true,1,6940000,H200
0.1932453415,0.192755,0.0,0.0,LDC-729000,LDC-729000,faceBased,Fused,julia,float64,gpu,true,true,1,5054400,H200

0.1776299166,0.177504,0.0,0.0,LDC-729000,LDC-729000,globalfaceBased,Fused,julia,float64,gpu,true,true,1,5054400,H200
0.2279838272,0.227332,0.0,0.0,LDC-729000,LDC-729000,cellBased,Fused,julia,float64,gpu,true,true,1,5054400,H200
0.3212027303,0.321041,0.0,0.0,LDC-1331000,LDC-1331000,faceBased,Fused,julia,float64,gpu,true,true,1,9244400,H200

0.3055962124,0.30545,0.0,0.0,LDC-1331000,LDC-1331000,globalfaceBased,Fused,julia,float64,gpu,true,true,1,9244400,H200
0.40562110609999996,0.408582,0.0,0.0,LDC-1331000,LDC-1331000,cellBased,Fused,julia,float64,gpu,true,true,1,9244400,H200
11.96324149043062,11.9622605,0.0,0.0,LDC-54872000,LDC-54872000,faceBased,Fused,julia,float64,gpu,true,true,1,383237600,H200

11.93848646778043,11.937706,0.0,0.0,LDC-54872000,LDC-54872000,globalfaceBased,Fused,julia,float64,gpu,true,true,1,383237600,H200
17.479708965156792,17.78624,0.0,0.0,LDC-54872000,LDC-54872000,cellBased,Fused,julia,float64,gpu,true,true,1,383237600,H200
7.091621956090651,7.0910015,0.0,0.0,LDC-32768000,LDC-32768000,faceBased,Fused,julia,float64,gpu,true,true,1,228761600,H200

7.069721120056497,7.069532,0.0,0.0,LDC-32768000,LDC-32768000,globalfaceBased,Fused,julia,float64,gpu,true,true,1,228761600,H200
10.009740492,10.074084,0.0,0.0,LDC-32768000,LDC-32768000,cellBased,Fused,julia,float64,gpu,true,true,1,228761600,H200
13.96657415642458,13.961896,0.0,0.0,LDC-64000000,LDC-64000000,faceBased,Fused,julia,float64,gpu,true,true,1,447040000,H200

13.943380671309193,13.9388,0.0,0.0,LDC-64000000,LDC-64000000,globalfaceBased,Fused,julia,float64,gpu,true,true,1,447040000,H200
20.591127633744854,20.942711,0.0,0.0,LDC-64000000,LDC-64000000,cellBased,Fused,julia,float64,gpu,true,true,1,447040000,H200
0.032865114699999996,0.032554,0.0,0.0,LDC-27000,LDC-27000,faceBased,Fused,julia,float64,gpu,true,true,1,183600,H200

0.0201910512,0.020128,0.0,0.0,LDC-27000,LDC-27000,globalfaceBased,Fused,julia,float64,gpu,true,true,1,183600,H200
0.021930728599999998,0.02189,0.0,0.0,LDC-27000,LDC-27000,cellBased,Fused,julia,float64,gpu,true,true,1,183600,H200
4.748213038936372,4.747599,0.0,0.0,LDC-21952000,LDC-21952000,faceBased,Fused,julia,float64,gpu,true,true,1,153193600,H200

4.732781270577105,4.732609,0.0,0.0,LDC-21952000,LDC-21952000,globalfaceBased,Fused,julia,float64,gpu,true,true,1,153193600,H200
6.60731349669749,6.594589,0.0,0.0,LDC-21952000,LDC-21952000,cellBased,Fused,julia,float64,gpu,true,true,1,153193600,H200
0.0394076145,0.039134,0.0,0.0,LDC-64000,LDC-64000,faceBased,Fused,julia,float64,gpu,true,true,1,438400,H200

0.026564828300000003,0.026516,0.0,0.0,LDC-64000,LDC-64000,globalfaceBased,Fused,julia,float64,gpu,true,true,1,438400,H200
0.025554394100000002,0.025475,0.0,0.0,LDC-64000,LDC-64000,cellBased,Fused,julia,float64,gpu,true,true,1,438400,H200
1.749955174658733,1.749856,0.0,0.0,LDC-8000000,LDC-8000000,faceBased,Fused,julia,float64,gpu,true,true,1,55760000,H200

1.7337759466019418,1.732122,0.0,0.0,LDC-8000000,LDC-8000000,globalfaceBased,Fused,julia,float64,gpu,true,true,1,55760000,H200
2.3344366750700276,2.3990295,0.0,0.0,LDC-8000000,LDC-8000000,cellBased,Fused,julia,float64,gpu,true,true,1,55760000,H200
0.0277403681,0.027628,0.0,0.0,LDC-1000,LDC-1000,faceBased,Fused,julia,float64,gpu,true,true,1,6400,H200

0.015970998,0.015891,0.0,0.0,LDC-1000,LDC-1000,globalfaceBased,Fused,julia,float64,gpu,true,true,1,6400,H200
0.0205175739,0.020458,0.0,0.0,LDC-1000,LDC-1000,cellBased,Fused,julia,float64,gpu,true,true,1,6400,H200
5.833996763403263,5.833487,0.0,0.0,LDC-27000000,LDC-27000000,faceBased,Fused,julia,float64,gpu,true,true,1,188460000,H200

5.819320955813954,5.8190725,0.0,0.0,LDC-27000000,LDC-27000000,globalfaceBased,Fused,julia,float64,gpu,true,true,1,188460000,H200
8.232713253289473,8.4505215,0.0,0.0,LDC-27000000,LDC-27000000,cellBased,Fused,julia,float64,gpu,true,true,1,188460000,H200
0.028849426299999998,0.02874,0.0,0.0,LDC-8000,LDC-8000,faceBased,Fused,julia,float64,gpu,true,true,1,53600,H200

0.016478776999999997,0.016423,0.0,0.0,LDC-8000,LDC-8000,globalfaceBased,Fused,julia,float64,gpu,true,true,1,53600,H200
0.0207773952,0.020748,0.0,0.0,LDC-8000,LDC-8000,cellBased,Fused,julia,float64,gpu,true,true,1,53600,H200
1.2848256270881522,1.283275,0.0,0.0,LDC-5832000,LDC-5832000,faceBased,Fused,julia,float64,gpu,true,true,1,40629600,H200

1.2662108044579534,1.2657305,0.0,0.0,LDC-5832000,LDC-5832000,globalfaceBased,Fused,julia,float64,gpu,true,true,1,40629600,H200
1.7107084700650017,1.751458,0.0,0.0,LDC-5832000,LDC-5832000,cellBased,Fused,julia,float64,gpu,true,true,1,40629600,H200
3.8057704703196347,3.805498,0.0,0.0,LDC-17576000,LDC-17576000,faceBased,Fused,julia,float64,gpu,true,true,1,122626400,H200

3.790082875,3.7896815,0.0,0.0,LDC-17576000,LDC-17576000,globalfaceBased,Fused,julia,float64,gpu,true,true,1,122626400,H200
5.272004888303477,5.423889,0.0,0.0,LDC-17576000,LDC-17576000,cellBased,Fused,julia,float64,gpu,true,true,1,122626400,H200
3.0094032930204575,3.007706,0.0,0.0,LDC-13824000,LDC-13824000,faceBased,Fused,julia,float64,gpu,true,true,1,96422400,H200

2.99068189354067,2.9901975,0.0,0.0,LDC-13824000,LDC-13824000,globalfaceBased,Fused,julia,float64,gpu,true,true,1,96422400,H200
4.1044036390484,4.220595,0.0,0.0,LDC-13824000,LDC-13824000,cellBased,Fused,julia,float64,gpu,true,true,1,96422400,H200
0.050665063,0.050589,0.0,0.0,LDC-125000,LDC-125000,faceBased,Fused,julia,float64,gpu,true,true,1,860000,H200

0.0377219179,0.037672,0.0,0.0,LDC-125000,LDC-125000,globalfaceBased,Fused,julia,float64,gpu,true,true,1,860000,H200
0.0350591304,0.034978,0.0,0.0,LDC-125000,LDC-125000,cellBased,Fused,julia,float64,gpu,true,true,1,860000,H200
2.317922865090403,2.317737,0.0,0.0,LDC-10648000,LDC-10648000,faceBased,Fused,julia,float64,gpu,true,true,1,74245600,H200

2.300744745052922,2.300483,0.0,0.0,LDC-10648000,LDC-10648000,globalfaceBased,Fused,julia,float64,gpu,true,true,1,74245600,H200
3.1360768739811915,3.223343,0.0,0.0,LDC-10648000,LDC-10648000,cellBased,Fused,julia,float64,gpu,true,true,1,74245600,H200
1.5024327349759614,1.501825,0.0,0.0,LDC-6859000,LDC-6859000,faceBased,Fused,julia,float64,gpu,true,true,1,47796400,H200

1.4850047205227206,1.484421,0.0,0.0,LDC-6859000,LDC-6859000,globalfaceBased,Fused,julia,float64,gpu,true,true,1,47796400,H200
2.0406560546938777,2.065185,0.0,0.0,LDC-6859000,LDC-6859000,cellBased,Fused,julia,float64,gpu,true,true,1,47796400,H200
10.150227085192697,10.148406,0.0,0.0,LDC-46656000,LDC-46656000,faceBased,Fused,julia,float64,gpu,true,true,1,325814400,H200

10.129748024291498,10.1257655,0.0,0.0,LDC-46656000,LDC-46656000,globalfaceBased,Fused,julia,float64,gpu,true,true,1,325814400,H200
14.63793757894737,14.9243545,0.0,0.0,LDC-46656000,LDC-46656000,cellBased,Fused,julia,float64,gpu,true,true,1,325814400,H200
0.6243749811367896,0.623909,0.0,0.0,LDC-2744000,LDC-2744000,faceBased,Fused,julia,float64,gpu,true,true,1,19090400,H200

0.6071574362244898,0.607075,0.0,0.0,LDC-2744000,LDC-2744000,globalfaceBased,Fused,julia,float64,gpu,true,true,1,19090400,H200
0.8075787659127625,0.823713,0.0,0.0,LDC-2744000,LDC-2744000,cellBased,Fused,julia,float64,gpu,true,true,1,19090400,H200
0.40726730930000005,0.406819,0.0,0.0,LDC-1728000,LDC-1728000,faceBased,Fused,julia,float64,gpu,true,true,1,12009600,H200

0.3906100767,0.390447,0.0,0.0,LDC-1728000,LDC-1728000,globalfaceBased,Fused,julia,float64,gpu,true,true,1,12009600,H200
0.517993981034304,0.524992,0.0,0.0,LDC-1728000,LDC-1728000,cellBased,Fused,julia,float64,gpu,true,true,1,12009600,H200
0.5056206255943348,0.505935,0.0,0.0,LDC-2197000,LDC-2197000,faceBased,Fused,julia,float64,gpu,true,true,1,15277600,H200

0.4902973967,0.490234,0.0,0.0,LDC-2197000,LDC-2197000,globalfaceBased,Fused,julia,float64,gpu,true,true,1,15277600,H200
0.6582168635765078,0.667533,0.0,0.0,LDC-2197000,LDC-2197000,cellBased,Fused,julia,float64,gpu,true,true,1,15277600,H200
0.0765347274,0.076325,0.0,0.0,LDC-216000,LDC-216000,faceBased,Fused,julia,float64,gpu,true,true,1,1490400,H200

0.0629999097,0.062696,0.0,0.0,LDC-216000,LDC-216000,globalfaceBased,Fused,julia,float64,gpu,true,true,1,1490400,H200
0.080223483,0.080231,0.0,0.0,LDC-216000,LDC-216000,cellBased,Fused,julia,float64,gpu,true,true,1,1490400,H200
1.0861315294373235,1.085773,0.0,0.0,LDC-4913000,LDC-4913000,faceBased,Fused,julia,float64,gpu,true,true,1,34217600,H200

1.067666641682682,1.067188,0.0,0.0,LDC-4913000,LDC-4913000,globalfaceBased,Fused,julia,float64,gpu,true,true,1,34217600,H200
1.4523231048504213,1.476741,0.0,0.0,LDC-4913000,LDC-4913000,cellBased,Fused,julia,float64,gpu,true,true,1,34217600,H200
0.25957165520000003,0.259181,0.0,0.0,LDC-1000000,LDC-1000000,faceBased,Fused,julia,float64,gpu,true,true,1,6940000,H100

0.2430725681,0.242952,0.0,0.0,LDC-1000000,LDC-1000000,globalfaceBased,Fused,julia,float64,gpu,true,true,1,6940000,H100
0.4091744664,0.345593,0.0,0.0,LDC-1000000,LDC-1000000,cellBased,Fused,julia,float64,gpu,true,true,1,6940000,H100
0.1046667194,0.104145,0.0,0.0,LDC-343000,LDC-343000,faceBased,Fused,julia,float64,gpu,true,true,1,2371600,H100

0.09085947879999999,0.090731,0.0,0.0,LDC-343000,LDC-343000,globalfaceBased,Fused,julia,float64,gpu,true,true,1,2371600,H100
0.1263869067,0.1155755,0.0,0.0,LDC-343000,LDC-343000,cellBased,Fused,julia,float64,gpu,true,true,1,2371600,H100
0.8964557493261455,0.811573,0.0,0.0,LDC-3375000,LDC-3375000,faceBased,Fused,julia,float64,gpu,true,true,1,23490000,H100

0.7719802250038633,0.771637,0.0,0.0,LDC-3375000,LDC-3375000,globalfaceBased,Fused,julia,float64,gpu,true,true,1,23490000,H100
1.1145935333482044,1.121647,0.0,0.0,LDC-3375000,LDC-3375000,cellBased,Fused,julia,float64,gpu,true,true,1,23490000,H100
8.582905819897084,8.571685,0.0,0.0,LDC-39304000,LDC-39304000,faceBased,Fused,julia,float64,gpu,true,true,1,274434400,H100

8.543342399317407,8.534031,0.0,0.0,LDC-39304000,LDC-39304000,globalfaceBased,Fused,julia,float64,gpu,true,true,1,274434400,H100
13.815428408839779,13.7976445,0.0,0.0,LDC-39304000,LDC-39304000,cellBased,Fused,julia,float64,gpu,true,true,1,274434400,H100
0.16202484830000002,0.1572455,0.0,0.0,LDC-512000,LDC-512000,faceBased,Fused,julia,float64,gpu,true,true,1,3545600,H100

0.140159142,0.1393295,0.0,0.0,LDC-512000,LDC-512000,globalfaceBased,Fused,julia,float64,gpu,true,true,1,3545600,H100
0.1814433,0.1811815,0.0,0.0,LDC-512000,LDC-512000,cellBased,Fused,julia,float64,gpu,true,true,1,3545600,H100
0.9584222192174914,0.9542865,0.0,0.0,LDC-4096000,LDC-4096000,faceBased,Fused,julia,float64,gpu,true,true,1,28518400,H100

1.011468851145812,0.935549,0.0,0.0,LDC-4096000,LDC-4096000,globalfaceBased,Fused,julia,float64,gpu,true,true,1,28518400,H100
1.5224912518337408,1.5598515,0.0,0.0,LDC-4096000,LDC-4096000,cellBased,Fused,julia,float64,gpu,true,true,1,28518400,H100
0.2584679131,0.258282,0.0,0.0,LDC-1000000,LDC-1000000,faceBased,Fused,julia,float64,gpu,true,true,1,6940000,H100

0.24276284469999998,0.2426405,0.0,0.0,LDC-1000000,LDC-1000000,globalfaceBased,Fused,julia,float64,gpu,true,true,1,6940000,H100
0.4084035502,0.3429585,0.0,0.0,LDC-1000000,LDC-1000000,cellBased,Fused,julia,float64,gpu,true,true,1,6940000,H100
0.200201006,0.199386,0.0,0.0,LDC-729000,LDC-729000,faceBased,Fused,julia,float64,gpu,true,true,1,5054400,H100

0.18550925669999999,0.1840305,0.0,0.0,LDC-729000,LDC-729000,globalfaceBased,Fused,julia,float64,gpu,true,true,1,5054400,H100
0.2435161063,0.2434105,0.0,0.0,LDC-729000,LDC-729000,cellBased,Fused,julia,float64,gpu,true,true,1,5054400,H100
0.34099348820000003,0.3399775,0.0,0.0,LDC-1331000,LDC-1331000,faceBased,Fused,julia,float64,gpu,true,true,1,9244400,H100

0.32069722570000003,0.3206625,0.0,0.0,LDC-1331000,LDC-1331000,globalfaceBased,Fused,julia,float64,gpu,true,true,1,9244400,H100
0.4454666452,0.4495645,0.0,0.0,LDC-1331000,LDC-1331000,cellBased,Fused,julia,float64,gpu,true,true,1,9244400,H100
15.242189551829268,12.247117,3.0944246585365853,0.0,LDC-54872000,LDC-54872000,faceBased,Fused,julia,float64,gpu,true,true,1,383237600,H100

13.47772426954178,12.171114,1.349223703504043,0.0,LDC-54872000,LDC-54872000,globalfaceBased,Fused,julia,float64,gpu,true,true,1,383237600,H100
21.663799987012986,19.729638,2.078836792207792,0.0,LDC-54872000,LDC-54872000,cellBased,Fused,julia,float64,gpu,true,true,1,383237600,H100
7.1505627814285715,7.1460975,0.0,0.0,LDC-32768000,LDC-32768000,faceBased,Fused,julia,float64,gpu,true,true,1,228761600,H100

7.112055251778094,7.108086,0.0,0.0,LDC-32768000,LDC-32768000,globalfaceBased,Fused,julia,float64,gpu,true,true,1,228761600,H100
11.389769410022778,11.401838,0.0,0.0,LDC-32768000,LDC-32768000,cellBased,Fused,julia,float64,gpu,true,true,1,228761600,H100
16.86894350841751,14.229662,2.7800798316498314,0.0,LDC-64000000,LDC-64000000,faceBased,Fused,julia,float64,gpu,true,true,1,447040000,H100

15.772585116719242,14.156634,1.7027562492113566,0.0,LDC-64000000,LDC-64000000,globalfaceBased,Fused,julia,float64,gpu,true,true,1,447040000,H100
26.05846616666667,23.383159,2.910030140625,0.0,LDC-64000000,LDC-64000000,cellBased,Fused,julia,float64,gpu,true,true,1,447040000,H100
0.038015899,0.037864,0.0,0.0,LDC-27000,LDC-27000,faceBased,Fused,julia,float64,gpu,true,true,1,183600,H100

0.0203071038,0.02024,0.0,0.0,LDC-27000,LDC-27000,globalfaceBased,Fused,julia,float64,gpu,true,true,1,183600,H100
0.0220146486,0.021909,0.0,0.0,LDC-27000,LDC-27000,cellBased,Fused,julia,float64,gpu,true,true,1,183600,H100
4.814616925890279,4.813298,0.0,0.0,LDC-21952000,LDC-21952000,faceBased,Fused,julia,float64,gpu,true,true,1,153193600,H100

4.781526117590822,4.7726215,0.0,0.0,LDC-21952000,LDC-21952000,globalfaceBased,Fused,julia,float64,gpu,true,true,1,153193600,H100
7.366101002945508,7.403357,0.0,0.0,LDC-21952000,LDC-21952000,cellBased,Fused,julia,float64,gpu,true,true,1,153193600,H100
0.0398931926,0.039695,0.0,0.0,LDC-64000,LDC-64000,faceBased,Fused,julia,float64,gpu,true,true,1,438400,H100

0.0273781327,0.027183,0.0,0.0,LDC-64000,LDC-64000,globalfaceBased,Fused,julia,float64,gpu,true,true,1,438400,H100
0.0266725768,0.026292,0.0,0.0,LDC-64000,LDC-64000,cellBased,Fused,julia,float64,gpu,true,true,1,438400,H100
1.8833306546003017,1.8090545,0.0,0.0,LDC-8000000,LDC-8000000,faceBased,Fused,julia,float64,gpu,true,true,1,55760000,H100

1.8219177013129102,1.768273,0.0,0.0,LDC-8000000,LDC-8000000,globalfaceBased,Fused,julia,float64,gpu,true,true,1,55760000,H100
2.5635184548717946,2.591037,0.0,0.0,LDC-8000000,LDC-8000000,cellBased,Fused,julia,float64,gpu,true,true,1,55760000,H100
0.0288750389,0.0287305,0.0,0.0,LDC-1000,LDC-1000,faceBased,Fused,julia,float64,gpu,true,true,1,6400,H100

0.0169206966,0.016705,0.0,0.0,LDC-1000,LDC-1000,globalfaceBased,Fused,julia,float64,gpu,true,true,1,6400,H100
0.0215646434,0.021416,0.0,0.0,LDC-1000,LDC-1000,cellBased,Fused,julia,float64,gpu,true,true,1,6400,H100
0.1844781941,0.184132,0.0,0.0,LDC-1000000,LDC-1000000,batchedFace,Fused,julia,float64,gpu,true,true,1,6940000,H100
0.1196648026,0.11697,0.0,0.0,LDC-343000,LDC-343000,batchedFace,Fused,julia,float64,gpu,true,true,1,2371600,H100
0.4073304947,0.3981055,0.0,0.0,LDC-3375000,LDC-3375000,batchedFace,Fused,julia,float64,gpu,true,true,1,23490000,H100
3.584946970588235,3.447206,0.0,0.0,LDC-39304000,LDC-39304000,batchedFace,Fused,julia,float64,gpu,true,true,1,274434400,H100
0.1398448491,0.1393825,0.0,0.0,LDC-512000,LDC-512000,batchedFace,Fused,julia,float64,gpu,true,true,1,3545600,H100
0.4564869377,0.4558635,0.0,0.0,LDC-4096000,LDC-4096000,batchedFace,Fused,julia,float64,gpu,true,true,1,28518400,H100
0.18457760999999998,0.1842025,0.0,0.0,LDC-1000000,LDC-1000000,batchedFace,Fused,julia,float64,gpu,true,true,1,6940000,H100
0.1598022017,0.1585,0.0,0.0,LDC-729000,LDC-729000,batchedFace,Fused,julia,float64,gpu,true,true,1,5054400,H100
0.2131550494,0.212035,0.0,0.0,LDC-1331000,LDC-1331000,batchedFace,Fused,julia,float64,gpu,true,true,1,9244400,H100
4.786379846889952,4.67536,0.0,0.0,LDC-54872000,LDC-54872000,batchedFace,Fused,julia,float64,gpu,true,true,1,383237600,H100
2.9431964055326665,2.931918,0.0,0.0,LDC-32768000,LDC-32768000,batchedFace,Fused,julia,float64,gpu,true,true,1,228761600,H100
5.507286762114538,5.3847495,0.0,0.0,LDC-64000000,LDC-64000000,batchedFace,Fused,julia,float64,gpu,true,true,1,447040000,H100
0.0924687016,0.090254,0.0008370188000000001,0.0,LDC-27000,LDC-27000,batchedFace,Fused,julia,float64,gpu,true,true,1,183600,H100
2.121263240764331,2.033964,0.0,0.0,LDC-21952000,LDC-21952000,batchedFace,Fused,julia,float64,gpu,true,true,1,153193600,H100
0.0962872808,0.093802,0.0008860188000000001,0.0,LDC-64000,LDC-64000,batchedFace,Fused,julia,float64,gpu,true,true,1,438400,H100
0.8034853993569132,0.801649,0.0,0.0,LDC-8000000,LDC-8000000,batchedFace,Fused,julia,float64,gpu,true,true,1,55760000,H100
0.1280049507,0.124402,0.0012652,0.0,LDC-1000,LDC-1000,batchedFace,Fused,julia,float64,gpu,true,true,1,6400,H100
2.5771794303405575,2.465793,0.0,0.0,LDC-27000000,LDC-27000000,batchedFace,Fused,julia,float64,gpu,true,true,1,188460000,H100
0.09055440099999999,0.088789,0.0007801631999999999,0.0,LDC-8000,LDC-8000,batchedFace,Fused,julia,float64,gpu,true,true,1,53600,H100
0.6125264913592352,0.611777,0.0,0.0,LDC-5832000,LDC-5832000,batchedFace,Fused,julia,float64,gpu,true,true,1,40629600,H100
1.7418251562609,1.650565,0.0,0.0,LDC-17576000,LDC-17576000,batchedFace,Fused,julia,float64,gpu,true,true,1,122626400,H100
1.3107687681615525,1.307873,0.0,0.0,LDC-13824000,LDC-13824000,batchedFace,Fused,julia,float64,gpu,true,true,1,96422400,H100
0.1185193308,0.117371,0.0,0.0,LDC-125000,LDC-125000,batchedFace,Fused,julia,float64,gpu,true,true,1,860000,H100
1.0355086722602032,1.034339,0.0,0.0,LDC-10648000,LDC-10648000,batchedFace,Fused,julia,float64,gpu,true,true,1,74245600,H100
0.6984200776970375,0.697334,0.0,0.0,LDC-6859000,LDC-6859000,batchedFace,Fused,julia,float64,gpu,true,true,1,47796400,H100
0.1777630647,0.177124,0.0,0.0,LDC-1000000,LDC-1000000,batchedFace,Fused,julia,float64,gpu,true,true,1,6940000,H200
0.11299162880000001,0.112635,0.0,0.0,LDC-343000,LDC-343000,batchedFace,Fused,julia,float64,gpu,true,true,1,2371600,H200
0.3769675039,0.376688,0.0,0.0,LDC-3375000,LDC-3375000,batchedFace,Fused,julia,float64,gpu,true,true,1,23490000,H200
3.1495143003778336,3.143934,0.0,0.0,LDC-39304000,LDC-39304000,batchedFace,Fused,julia,float64,gpu,true,true,1,274434400,H200
0.134981385,0.134545,0.0,0.0,LDC-512000,LDC-512000,batchedFace,Fused,julia,float64,gpu,true,true,1,3545600,H200
0.43754884980000003,0.437191,0.0,0.0,LDC-4096000,LDC-4096000,batchedFace,Fused,julia,float64,gpu,true,true,1,28518400,H200
0.1773463372,0.176923,0.0,0.0,LDC-1000000,LDC-1000000,batchedFace,Fused,julia,float64,gpu,true,true,1,6940000,H200
0.15361636790000002,0.153191,0.0,0.0,LDC-729000,LDC-729000,batchedFace,Fused,julia,float64,gpu,true,true,1,5054400,H200
0.2034552291,0.203189,0.0,0.0,LDC-1331000,LDC-1331000,batchedFace,Fused,julia,float64,gpu,true,true,1,9244400,H200
4.341694721354167,4.342227,0.0,0.0,LDC-54872000,LDC-54872000,batchedFace,Fused,julia,float64,gpu,true,true,1,383237600,H200
2.654404387473461,2.650185,0.0,0.0,LDC-32768000,LDC-32768000,batchedFace,Fused,julia,float64,gpu,true,true,1,228761600,H200
0.17974550620000002,0.179557,0.0,0.0,LDC-1000000,LDC-1000000,batchedFace,Fused,julia,float64,gpu,true,true,1,6940000,H200
0.11546280349999999,0.115149,0.0,0.0,LDC-343000,LDC-343000,batchedFace,Fused,julia,float64,gpu,true,true,1,2371600,H200
0.37582558380000003,0.375276,0.0,0.0,LDC-3375000,LDC-3375000,batchedFace,Fused,julia,float64,gpu,true,true,1,23490000,H200
3.15499541829653,3.152996,0.0,0.0,LDC-39304000,LDC-39304000,batchedFace,Fused,julia,float64,gpu,true,true,1,274434400,H200
0.1382378378,0.13784,0.0,0.0,LDC-512000,LDC-512000,batchedFace,Fused,julia,float64,gpu,true,true,1,3545600,H200
0.4357778103,0.435049,0.0,0.0,LDC-4096000,LDC-4096000,batchedFace,Fused,julia,float64,gpu,true,true,1,28518400,H200
0.1792080022,0.179036,0.0,0.0,LDC-1000000,LDC-1000000,batchedFace,Fused,julia,float64,gpu,true,true,1,6940000,H200
0.15599588579999998,0.155624,0.0,0.0,LDC-729000,LDC-729000,batchedFace,Fused,julia,float64,gpu,true,true,1,5054400,H200
0.2062394651,0.205643,0.0,0.0,LDC-1331000,LDC-1331000,batchedFace,Fused,julia,float64,gpu,true,true,1,9244400,H200
4.3453519000868805,4.34159,0.0,0.0,LDC-54872000,LDC-54872000,batchedFace,Fused,julia,float64,gpu,true,true,1,383237600,H200
2.6626040340788073,2.659542,0.0,0.0,LDC-32768000,LDC-32768000,batchedFace,Fused,julia,float64,gpu,true,true,1,228761600,H200
5.040098903225807,5.043796,0.0,0.0,LDC-64000000,LDC-64000000,batchedFace,Fused,julia,float64,gpu,true,true,1,447040000,H200
0.091304133,0.090294,0.0005767071,0.0,LDC-27000,LDC-27000,batchedFace,Fused,julia,float64,gpu,true,true,1,183600,H200
1.8254865304855785,1.822807,0.0,0.0,LDC-21952000,LDC-21952000,batchedFace,Fused,julia,float64,gpu,true,true,1,153193600,H200
0.0940418292,0.093298,0.0,0.0,LDC-64000,LDC-64000,batchedFace,Fused,julia,float64,gpu,true,true,1,438400,H200
0.7367021472365511,0.735852,0.0,0.0,LDC-8000000,LDC-8000000,batchedFace,Fused,julia,float64,gpu,true,true,1,55760000,H200
0.08873303449999999,0.08759,0.0005729079000000001,0.0,LDC-1000,LDC-1000,batchedFace,Fused,julia,float64,gpu,true,true,1,6400,H200
2.2103907148541113,2.2065695,0.0,0.0,LDC-27000000,LDC-27000000,batchedFace,Fused,julia,float64,gpu,true,true,1,188460000,H200
0.0900731517,0.089062,0.0005609483999999999,0.0,LDC-8000,LDC-8000,batchedFace,Fused,julia,float64,gpu,true,true,1,53600,H200
0.5677226809042372,0.566819,0.0,0.0,LDC-5832000,LDC-5832000,batchedFace,Fused,julia,float64,gpu,true,true,1,40629600,H200
1.4900355043219076,1.489038,0.0,0.0,LDC-17576000,LDC-17576000,batchedFace,Fused,julia,float64,gpu,true,true,1,122626400,H200
1.18391877030547,1.182386,0.0,0.0,LDC-13824000,LDC-13824000,batchedFace,Fused,julia,float64,gpu,true,true,1,96422400,H200
0.09813802989999999,0.097714,0.0,0.0,LDC-125000,LDC-125000,batchedFace,Fused,julia,float64,gpu,true,true,1,860000,H200
0.9352726604303087,0.934875,0.0,0.0,LDC-10648000,LDC-10648000,batchedFace,Fused,julia,float64,gpu,true,true,1,74245600,H200
0.6456995644702843,0.644576,0.0,0.0,LDC-6859000,LDC-6859000,batchedFace,Fused,julia,float64,gpu,true,true,1,47796400,H200
3.7172353018587363,3.712635,0.0,0.0,LDC-46656000,LDC-46656000,batchedFace,Fused,julia,float64,gpu,true,true,1,325814400,H200
0.3251965894,0.324937,0.0,0.0,LDC-2744000,LDC-2744000,batchedFace,Fused,julia,float64,gpu,true,true,1,19090400,H200
0.2492421235,0.244786,0.0,0.0,LDC-1728000,LDC-1728000,batchedFace,Fused,julia,float64,gpu,true,true,1,12009600,H200
0.2811736268,0.280756,0.0,0.0,LDC-2197000,LDC-2197000,batchedFace,Fused,julia,float64,gpu,true,true,1,15277600,H200
0.1040706828,0.103652,0.0,0.0,LDC-216000,LDC-216000,batchedFace,Fused,julia,float64,gpu,true,true,1,1490400,H200
0.4959487867,0.495341,0.0,0.0,LDC-4913000,LDC-4913000,batchedFace,Fused,julia,float64,gpu,true,true,1,34217600,H200
4.143520979270315,4.027039,0.0,0.0,LDC-46656000,LDC-46656000,batchedFace,Fused,julia,float64,gpu,true,true,1,325814400,H100
0.34182328019999997,0.34123,0.0,0.0,LDC-2744000,LDC-2744000,batchedFace,Fused,julia,float64,gpu,true,true,1,19090400,H100
0.24588533710000002,0.245347,0.0,0.0,LDC-1728000,LDC-1728000,batchedFace,Fused,julia,float64,gpu,true,true,1,12009600,H100
0.2999442287,0.300609,0.0,0.0,LDC-2197000,LDC-2197000,batchedFace,Fused,julia,float64,gpu,true,true,1,15277600,H100
0.1091347319,0.107896,0.0,0.0,LDC-216000,LDC-216000,batchedFace,Fused,julia,float64,gpu,true,true,1,1490400,H100
0.5201913474549807,0.519778,0.0,0.0,LDC-4913000,LDC-4913000,batchedFace,Fused,julia,float64,gpu,true,true,1,34217600,H100
5.8413577032710275,5.8408605,0.0,0.0,LDC-27000000,LDC-27000000,faceBased,Fused,julia,float64,gpu,true,true,1,188460000,H100
5.821650401629801,5.819136,0.0,0.0,LDC-27000000,LDC-27000000,globalfaceBased,Fused,julia,float64,gpu,true,true,1,188460000,H100
9.143772552102376,9.171937,0.0,0.0,LDC-27000000,LDC-27000000,cellBased,Fused,julia,float64,gpu,true,true,1,188460000,H100
0.033625315600000004,0.0331555,0.0,0.0,LDC-8000,LDC-8000,faceBased,Fused,julia,float64,gpu,true,true,1,53600,H100
0.0190899193,0.018956,0.0,0.0,LDC-8000,LDC-8000,globalfaceBased,Fused,julia,float64,gpu,true,true,1,53600,H100
0.0237440843,0.023294,0.0,0.0,LDC-8000,LDC-8000,cellBased,Fused,julia,float64,gpu,true,true,1,53600,H100
1.2964999776970954,1.296013,0.0,0.0,LDC-5832000,LDC-5832000,faceBased,Fused,julia,float64,gpu,true,true,1,40629600,H100
1.2754123079867314,1.274894,0.0,0.0,LDC-5832000,LDC-5832000,globalfaceBased,Fused,julia,float64,gpu,true,true,1,40629600,H100
1.8522844242311967,1.865701,0.0,0.0,LDC-5832000,LDC-5832000,cellBased,Fused,julia,float64,gpu,true,true,1,40629600,H100
3.824260617737003,3.8237215,0.0,0.0,LDC-17576000,LDC-17576000,faceBased,Fused,julia,float64,gpu,true,true,1,122626400,H100
3.804110033460076,3.802199,0.0,0.0,LDC-17576000,LDC-17576000,globalfaceBased,Fused,julia,float64,gpu,true,true,1,122626400,H100
5.805532938515081,5.8513695,0.0,0.0,LDC-17576000,LDC-17576000,cellBased,Fused,julia,float64,gpu,true,true,1,122626400,H100
3.027286889830508,3.0269295,0.0,0.0,LDC-13824000,LDC-13824000,faceBased,Fused,julia,float64,gpu,true,true,1,96422400,H100
3.0064438153938666,3.004228,0.0,0.0,LDC-13824000,LDC-13824000,globalfaceBased,Fused,julia,float64,gpu,true,true,1,96422400,H100
4.4942321868823,4.540353,0.0,0.0,LDC-13824000,LDC-13824000,cellBased,Fused,julia,float64,gpu,true,true,1,96422400,H100
0.055342514499999995,0.055062,0.0,0.0,LDC-125000,LDC-125000,faceBased,Fused,julia,float64,gpu,true,true,1,860000,H100
0.039815079899999994,0.039664,0.0,0.0,LDC-125000,LDC-125000,globalfaceBased,Fused,julia,float64,gpu,true,true,1,860000,H100
0.0384628298,0.038221,0.0,0.0,LDC-125000,LDC-125000,cellBased,Fused,julia,float64,gpu,true,true,1,860000,H100
2.3345948613445375,2.334225,0.0,0.0,LDC-10648000,LDC-10648000,faceBased,Fused,julia,float64,gpu,true,true,1,74245600,H100
2.3132685504162813,2.3114865,0.0,0.0,LDC-10648000,LDC-10648000,globalfaceBased,Fused,julia,float64,gpu,true,true,1,74245600,H100
3.4216970082079343,3.4574395,0.0,0.0,LDC-10648000,LDC-10648000,cellBased,Fused,julia,float64,gpu,true,true,1,74245600,H100
1.5170256070995145,1.5161095,0.0,0.0,LDC-6859000,LDC-6859000,faceBased,Fused,julia,float64,gpu,true,true,1,47796400,H100
1.495086474880383,1.4946285,0.0,0.0,LDC-6859000,LDC-6859000,globalfaceBased,Fused,julia,float64,gpu,true,true,1,47796400,H100
2.1939650877577885,2.205291,0.0,0.0,LDC-6859000,LDC-6859000,cellBased,Fused,julia,float64,gpu,true,true,1,47796400,H100
10.18467900203666,10.159815,0.0,0.0,LDC-46656000,LDC-46656000,faceBased,Fused,julia,float64,gpu,true,true,1,325814400,H100
10.157357529411765,10.135017,0.0,0.0,LDC-46656000,LDC-46656000,globalfaceBased,Fused,julia,float64,gpu,true,true,1,325814400,H100
16.292499915309445,16.296718,0.0,0.0,LDC-46656000,LDC-46656000,cellBased,Fused,julia,float64,gpu,true,true,1,325814400,H100
0.6366542917569117,0.636308,0.0,0.0,LDC-2744000,LDC-2744000,faceBased,Fused,julia,float64,gpu,true,true,1,19090400,H100
0.6150182681846155,0.613893,0.0,0.0,LDC-2744000,LDC-2744000,globalfaceBased,Fused,julia,float64,gpu,true,true,1,19090400,H100
0.8836706932461104,0.89455,0.0,0.0,LDC-2744000,LDC-2744000,cellBased,Fused,julia,float64,gpu,true,true,1,19090400,H100
0.4191683118,0.4192085,0.0,0.0,LDC-1728000,LDC-1728000,faceBased,Fused,julia,float64,gpu,true,true,1,12009600,H100
0.3968577922,0.396712,0.0,0.0,LDC-1728000,LDC-1728000,globalfaceBased,Fused,julia,float64,gpu,true,true,1,12009600,H100
0.5609613939155815,0.568,0.0,0.0,LDC-1728000,LDC-1728000,cellBased,Fused,julia,float64,gpu,true,true,1,12009600,H100
0.5188766364863462,0.518666,0.0,0.0,LDC-2197000,LDC-2197000,faceBased,Fused,julia,float64,gpu,true,true,1,15277600,H100
0.4972535061,0.4969305,0.0,0.0,LDC-2197000,LDC-2197000,globalfaceBased,Fused,julia,float64,gpu,true,true,1,15277600,H100
0.7092698575078058,0.7156145,0.0,0.0,LDC-2197000,LDC-2197000,cellBased,Fused,julia,float64,gpu,true,true,1,15277600,H100
0.0786249162,0.078403,0.0,0.0,LDC-216000,LDC-216000,faceBased,Fused,julia,float64,gpu,true,true,1,1490400,H100
0.0656897989,0.065512,0.0,0.0,LDC-216000,LDC-216000,globalfaceBased,Fused,julia,float64,gpu,true,true,1,1490400,H100
0.08525499809999999,0.0851035,0.0,0.0,LDC-216000,LDC-216000,cellBased,Fused,julia,float64,gpu,true,true,1,1490400,H100
1.1019997623456792,1.101546,0.0,0.0,LDC-4913000,LDC-4913000,faceBased,Fused,julia,float64,gpu,true,true,1,34217600,H100
1.0773120560344829,1.0769405,0.0,0.0,LDC-4913000,LDC-4913000,globalfaceBased,Fused,julia,float64,gpu,true,true,1,34217600,H100
1.577810012310606,1.5879365,0.0,0.0,LDC-4913000,LDC-4913000,cellBased,Fused,julia,float64,gpu,true,true,1,34217600,H100
