time_mean_ms,time_median_ms,gc_time_mean_ms,gc_time_median_ms,case,case_long,strategy,variant,language,precision,executor,use_kernelAbstractions,use_fusing,Threads,nnz,node
0.2521654496,0.251737,0.0,0.0,LDC-1000000,LDC-1000000,faceBased,Fused,julia,float64,gpu,true,true,1,6940000,H100
0.1679775904,0.167751,0.0,0.0,LDC-1000000,LDC-1000000,batchedFace,Fused,julia,float64,gpu,true,true,1,6940000,H100
0.23596895610000002,0.235774,0.0,0.0,LDC-1000000,LDC-1000000,globalfaceBased,Fused,julia,float64,gpu,true,true,1,6940000,H100
0.3040122589,0.302376,0.0,0.0,LDC-1000000,LDC-1000000,cellBased,Fused,julia,float64,gpu,true,true,1,6940000,H100
0.10437587270000001,0.103973,0.0,0.0,LDC-343000,LDC-343000,faceBased,Fused,julia,float64,gpu,true,true,1,2371600,H100
0.10549601609999999,0.105214,0.0,0.0,LDC-343000,LDC-343000,batchedFace,Fused,julia,float64,gpu,true,true,1,2371600,H100
0.090105945,0.090034,0.0,0.0,LDC-343000,LDC-343000,globalfaceBased,Fused,julia,float64,gpu,true,true,1,2371600,H100
0.1140864909,0.113927,0.0,0.0,LDC-343000,LDC-343000,cellBased,Fused,julia,float64,gpu,true,true,1,2371600,H100
0.7599233292794162,0.759625,0.0,0.0,LDC-3375000,LDC-3375000,faceBased,Fused,julia,float64,gpu,true,true,1,23490000,H100
0.359420139,0.359044,0.0,0.0,LDC-3375000,LDC-3375000,batchedFace,Fused,julia,float64,gpu,true,true,1,23490000,H100
0.7423823069953958,0.742271,0.0,0.0,LDC-3375000,LDC-3375000,globalfaceBased,Fused,julia,float64,gpu,true,true,1,23490000,H100
1.0047569276527333,1.020299,0.0,0.0,LDC-3375000,LDC-3375000,cellBased,Fused,julia,float64,gpu,true,true,1,23490000,H100
8.531381804088587,8.528101,0.0,0.0,LDC-39304000,LDC-39304000,faceBased,Fused,julia,float64,gpu,true,true,1,274434400,H100
3.1120076963285626,3.102808,0.0,0.0,LDC-39304000,LDC-39304000,batchedFace,Fused,julia,float64,gpu,true,true,1,274434400,H100
8.50417468537415,8.504113,0.0,0.0,LDC-39304000,LDC-39304000,globalfaceBased,Fused,julia,float64,gpu,true,true,1,274434400,H100
12.213785397560976,12.483893,0.0,0.0,LDC-39304000,LDC-39304000,cellBased,Fused,julia,float64,gpu,true,true,1,274434400,H100
0.1479893814,0.147763,0.0,0.0,LDC-512000,LDC-512000,faceBased,Fused,julia,float64,gpu,true,true,1,3545600,H100
0.1261468772,0.125773,0.0,0.0,LDC-512000,LDC-512000,batchedFace,Fused,julia,float64,gpu,true,true,1,3545600,H100
0.1324424722,0.132202,0.0,0.0,LDC-512000,LDC-512000,globalfaceBased,Fused,julia,float64,gpu,true,true,1,3545600,H100
0.16443203210000001,0.164256,0.0,0.0,LDC-512000,LDC-512000,cellBased,Fused,julia,float64,gpu,true,true,1,3545600,H100
0.9170296978536048,0.916731,0.0,0.0,LDC-4096000,LDC-4096000,faceBased,Fused,julia,float64,gpu,true,true,1,28518400,H100
0.415739374,0.4152015,0.0,0.0,LDC-4096000,LDC-4096000,batchedFace,Fused,julia,float64,gpu,true,true,1,28518400,H100
0.8996029598704337,0.899227,0.0,0.0,LDC-4096000,LDC-4096000,globalfaceBased,Fused,julia,float64,gpu,true,true,1,28518400,H100
1.1906862722076685,1.22112,0.0,0.0,LDC-4096000,LDC-4096000,cellBased,Fused,julia,float64,gpu,true,true,1,28518400,H100
0.19441728,0.193957,0.0,0.0,LDC-729000,LDC-729000,faceBased,Fused,julia,float64,gpu,true,true,1,5054400,H100
0.1437754214,0.143507,0.0,0.0,LDC-729000,LDC-729000,batchedFace,Fused,julia,float64,gpu,true,true,1,5054400,H100
0.1779540477,0.177824,0.0,0.0,LDC-729000,LDC-729000,globalfaceBased,Fused,julia,float64,gpu,true,true,1,5054400,H100
0.2297398927,0.228825,0.0,0.0,LDC-729000,LDC-729000,cellBased,Fused,julia,float64,gpu,true,true,1,5054400,H100
0.3224876292,0.322003,0.0,0.0,LDC-1331000,LDC-1331000,faceBased,Fused,julia,float64,gpu,true,true,1,9244400,H100
0.1928030809,0.192444,0.0,0.0,LDC-1331000,LDC-1331000,batchedFace,Fused,julia,float64,gpu,true,true,1,9244400,H100
0.30601172460000003,0.30589,0.0,0.0,LDC-1331000,LDC-1331000,globalfaceBased,Fused,julia,float64,gpu,true,true,1,9244400,H100
0.4074708226,0.411015,0.0,0.0,LDC-1331000,LDC-1331000,cellBased,Fused,julia,float64,gpu,true,true,1,9244400,H100
11.973854602870812,11.9718825,0.0,0.0,LDC-54872000,LDC-54872000,faceBased,Fused,julia,float64,gpu,true,true,1,383237600,H100
4.276512634188035,4.273821,0.0,0.0,LDC-54872000,LDC-54872000,batchedFace,Fused,julia,float64,gpu,true,true,1,383237600,H100
11.95118341288783,11.949035,0.0,0.0,LDC-54872000,LDC-54872000,globalfaceBased,Fused,julia,float64,gpu,true,true,1,383237600,H100
17.451646195121953,17.783712,0.0,0.0,LDC-54872000,LDC-54872000,cellBased,Fused,julia,float64,gpu,true,true,1,383237600,H100
7.101206208510638,7.100457,0.0,0.0,LDC-32768000,LDC-32768000,faceBased,Fused,julia,float64,gpu,true,true,1,228761600,H100
2.618333769633508,2.611107,0.0,0.0,LDC-32768000,LDC-32768000,batchedFace,Fused,julia,float64,gpu,true,true,1,228761600,H100
7.079034592644979,7.078807,0.0,0.0,LDC-32768000,LDC-32768000,globalfaceBased,Fused,julia,float64,gpu,true,true,1,228761600,H100
10.0749814305835,10.299377,0.0,0.0,LDC-32768000,LDC-32768000,cellBased,Fused,julia,float64,gpu,true,true,1,228761600,H100
13.981431796089385,13.9797345,0.0,0.0,LDC-64000000,LDC-64000000,faceBased,Fused,julia,float64,gpu,true,true,1,447040000,H100
4.962361257936508,4.9664965,0.0,0.0,LDC-64000000,LDC-64000000,batchedFace,Fused,julia,float64,gpu,true,true,1,447040000,H100
13.958487027855154,13.956067,0.0,0.0,LDC-64000000,LDC-64000000,globalfaceBased,Fused,julia,float64,gpu,true,true,1,447040000,H100
20.65600167489712,21.022157,0.0,0.0,LDC-64000000,LDC-64000000,cellBased,Fused,julia,float64,gpu,true,true,1,447040000,H100
0.0326884664,0.032595,0.0,0.0,LDC-27000,LDC-27000,faceBased,Fused,julia,float64,gpu,true,true,1,183600,H100
0.08471862570000001,0.083425,0.0005795612,0.0,LDC-27000,LDC-27000,batchedFace,Fused,julia,float64,gpu,true,true,1,183600,H100
0.0202377594,0.020178,0.0,0.0,LDC-27000,LDC-27000,globalfaceBased,Fused,julia,float64,gpu,true,true,1,183600,H100
0.0218572808,0.0218,0.0,0.0,LDC-27000,LDC-27000,cellBased,Fused,julia,float64,gpu,true,true,1,183600,H100
4.753946400190114,4.753824,0.0,0.0,LDC-21952000,LDC-21952000,faceBased,Fused,julia,float64,gpu,true,true,1,153193600,H100
1.7931789601865136,1.792281,0.0,0.0,LDC-21952000,LDC-21952000,batchedFace,Fused,julia,float64,gpu,true,true,1,153193600,H100
4.740427018957345,4.738297,0.0,0.0,LDC-21952000,LDC-21952000,globalfaceBased,Fused,julia,float64,gpu,true,true,1,153193600,H100
6.66240511584554,6.844865,0.0,0.0,LDC-21952000,LDC-21952000,cellBased,Fused,julia,float64,gpu,true,true,1,153193600,H100
0.0401154613,0.040035,0.0,0.0,LDC-64000,LDC-64000,faceBased,Fused,julia,float64,gpu,true,true,1,438400,H100
0.08632882189999999,0.085708,0.0,0.0,LDC-64000,LDC-64000,batchedFace,Fused,julia,float64,gpu,true,true,1,438400,H100
0.027197484400000003,0.027147,0.0,0.0,LDC-64000,LDC-64000,globalfaceBased,Fused,julia,float64,gpu,true,true,1,438400,H100
0.0258854572,0.025836,0.0,0.0,LDC-64000,LDC-64000,cellBased,Fused,julia,float64,gpu,true,true,1,438400,H100
1.7530114267180925,1.752921,0.0,0.0,LDC-8000000,LDC-8000000,faceBased,Fused,julia,float64,gpu,true,true,1,55760000,H100
0.713032023109843,0.71244,0.0,0.0,LDC-8000000,LDC-8000000,batchedFace,Fused,julia,float64,gpu,true,true,1,55760000,H100
1.7357624040263797,1.735558,0.0,0.0,LDC-8000000,LDC-8000000,globalfaceBased,Fused,julia,float64,gpu,true,true,1,55760000,H100
2.3383604600280505,2.404167,0.0,0.0,LDC-8000000,LDC-8000000,cellBased,Fused,julia,float64,gpu,true,true,1,55760000,H100
5.842796945093458,5.8414195,0.0,0.0,LDC-27000000,LDC-27000000,faceBased,Fused,julia,float64,gpu,true,true,1,188460000,H100
2.174382216086957,2.172098,0.0,0.0,LDC-27000000,LDC-27000000,batchedFace,Fused,julia,float64,gpu,true,true,1,188460000,H100
5.826630694994179,5.826385,0.0,0.0,LDC-27000000,LDC-27000000,globalfaceBased,Fused,julia,float64,gpu,true,true,1,188460000,H100
8.227089639802632,8.3245205,0.0,0.0,LDC-27000000,LDC-27000000,cellBased,Fused,julia,float64,gpu,true,true,1,188460000,H100
0.0290707586,0.028989,0.0,0.0,LDC-8000,LDC-8000,faceBased,Fused,julia,float64,gpu,true,true,1,53600,H100
0.0838334262,0.082504,0.0006052756,0.0,LDC-8000,LDC-8000,batchedFace,Fused,julia,float64,gpu,true,true,1,53600,H100
0.0165603593,0.016482,0.0,0.0,LDC-8000,LDC-8000,globalfaceBased,Fused,julia,float64,gpu,true,true,1,53600,H100
0.020974614199999998,0.020908,0.0,0.0,LDC-8000,LDC-8000,cellBased,Fused,julia,float64,gpu,true,true,1,53600,H100
1.2850242361860704,1.284857,0.0,0.0,LDC-5832000,LDC-5832000,faceBased,Fused,julia,float64,gpu,true,true,1,40629600,H100
0.547436023660861,0.546893,0.0,0.0,LDC-5832000,LDC-5832000,batchedFace,Fused,julia,float64,gpu,true,true,1,40629600,H100
1.267882503423789,1.267283,0.0,0.0,LDC-5832000,LDC-5832000,globalfaceBased,Fused,julia,float64,gpu,true,true,1,40629600,H100
1.712772497430627,1.753332,0.0,0.0,LDC-5832000,LDC-5832000,cellBased,Fused,julia,float64,gpu,true,true,1,40629600,H100
3.811033331554878,3.810662,0.0,0.0,LDC-17576000,LDC-17576000,faceBased,Fused,julia,float64,gpu,true,true,1,122626400,H100
1.4642028641288434,1.462091,0.0,0.0,LDC-17576000,LDC-17576000,batchedFace,Fused,julia,float64,gpu,true,true,1,122626400,H100
3.7957025242792106,3.79536,0.0,0.0,LDC-17576000,LDC-17576000,globalfaceBased,Fused,julia,float64,gpu,true,true,1,122626400,H100
5.303249501590669,5.440954,0.0,0.0,LDC-17576000,LDC-17576000,cellBased,Fused,julia,float64,gpu,true,true,1,122626400,H100
3.0114329187236604,3.011462,0.0,0.0,LDC-13824000,LDC-13824000,faceBased,Fused,julia,float64,gpu,true,true,1,96422400,H100
1.1546891573111573,1.153838,0.0,0.0,LDC-13824000,LDC-13824000,batchedFace,Fused,julia,float64,gpu,true,true,1,96422400,H100
2.994674425748503,2.9940485,0.0,0.0,LDC-13824000,LDC-13824000,globalfaceBased,Fused,julia,float64,gpu,true,true,1,96422400,H100
4.11930502800659,4.2323315,0.0,0.0,LDC-13824000,LDC-13824000,cellBased,Fused,julia,float64,gpu,true,true,1,96422400,H100
0.0512657192,0.051,0.0,0.0,LDC-125000,LDC-125000,faceBased,Fused,julia,float64,gpu,true,true,1,860000,H100
0.0900834988,0.089634,0.0,0.0,LDC-125000,LDC-125000,batchedFace,Fused,julia,float64,gpu,true,true,1,860000,H100
0.0377763391,0.037722,0.0,0.0,LDC-125000,LDC-125000,globalfaceBased,Fused,julia,float64,gpu,true,true,1,860000,H100
0.0355333471,0.035449,0.0,0.0,LDC-125000,LDC-125000,cellBased,Fused,julia,float64,gpu,true,true,1,860000,H100
2.3221662159777057,2.321132,0.0,0.0,LDC-10648000,LDC-10648000,faceBased,Fused,julia,float64,gpu,true,true,1,74245600,H100
0.915207877700476,0.9146735,0.0,0.0,LDC-10648000,LDC-10648000,batchedFace,Fused,julia,float64,gpu,true,true,1,74245600,H100
2.3023442601289132,2.302302,0.0,0.0,LDC-10648000,LDC-10648000,globalfaceBased,Fused,julia,float64,gpu,true,true,1,74245600,H100
3.14316155185418,3.233978,0.0,0.0,LDC-10648000,LDC-10648000,cellBased,Fused,julia,float64,gpu,true,true,1,74245600,H100
1.5038566291729323,1.503749,0.0,0.0,LDC-6859000,LDC-6859000,faceBased,Fused,julia,float64,gpu,true,true,1,47796400,H100
0.6268564199172206,0.626401,0.0,0.0,LDC-6859000,LDC-6859000,batchedFace,Fused,julia,float64,gpu,true,true,1,47796400,H100
1.4863171789536267,1.486175,0.0,0.0,LDC-6859000,LDC-6859000,globalfaceBased,Fused,julia,float64,gpu,true,true,1,47796400,H100
2.032852765447154,2.064875,0.0,0.0,LDC-6859000,LDC-6859000,cellBased,Fused,julia,float64,gpu,true,true,1,47796400,H100
10.15994335091278,10.159013,0.0,0.0,LDC-46656000,LDC-46656000,faceBased,Fused,julia,float64,gpu,true,true,1,325814400,H100
3.6556558530701753,3.6565245,0.0,0.0,LDC-46656000,LDC-46656000,batchedFace,Fused,julia,float64,gpu,true,true,1,325814400,H100
10.138566665991902,10.138385,0.0,0.0,LDC-46656000,LDC-46656000,globalfaceBased,Fused,julia,float64,gpu,true,true,1,325814400,H100
14.663926422287389,14.97665,0.0,0.0,LDC-46656000,LDC-46656000,cellBased,Fused,julia,float64,gpu,true,true,1,325814400,H100
0.626022934744489,0.625561,0.0,0.0,LDC-2744000,LDC-2744000,faceBased,Fused,julia,float64,gpu,true,true,1,19090400,H100
0.309675761,0.309215,0.0,0.0,LDC-2744000,LDC-2744000,batchedFace,Fused,julia,float64,gpu,true,true,1,19090400,H100
0.6084603342665855,0.608267,0.0,0.0,LDC-2744000,LDC-2744000,globalfaceBased,Fused,julia,float64,gpu,true,true,1,19090400,H100
0.8081030860006466,0.823613,0.0,0.0,LDC-2744000,LDC-2744000,cellBased,Fused,julia,float64,gpu,true,true,1,19090400,H100
0.4088155281,0.408182,0.0,0.0,LDC-1728000,LDC-1728000,faceBased,Fused,julia,float64,gpu,true,true,1,12009600,H100
0.2308242041,0.230357,0.0,0.0,LDC-1728000,LDC-1728000,batchedFace,Fused,julia,float64,gpu,true,true,1,12009600,H100
0.39131684240000003,0.391208,0.0,0.0,LDC-1728000,LDC-1728000,globalfaceBased,Fused,julia,float64,gpu,true,true,1,12009600,H100
0.5197585713394343,0.5265095,0.0,0.0,LDC-1728000,LDC-1728000,cellBased,Fused,julia,float64,gpu,true,true,1,12009600,H100
0.5080055469607644,0.507818,0.0,0.0,LDC-2197000,LDC-2197000,faceBased,Fused,julia,float64,gpu,true,true,1,15277600,H100
0.266884024,0.266527,0.0,0.0,LDC-2197000,LDC-2197000,batchedFace,Fused,julia,float64,gpu,true,true,1,15277600,H100
0.49151173950000004,0.491056,0.0,0.0,LDC-2197000,LDC-2197000,globalfaceBased,Fused,julia,float64,gpu,true,true,1,15277600,H100
0.6535007058439012,0.665035,0.0,0.0,LDC-2197000,LDC-2197000,cellBased,Fused,julia,float64,gpu,true,true,1,15277600,H100
0.07676336539999999,0.076596,0.0,0.0,LDC-216000,LDC-216000,faceBased,Fused,julia,float64,gpu,true,true,1,1490400,H100
0.09603937820000001,0.095702,0.0,0.0,LDC-216000,LDC-216000,batchedFace,Fused,julia,float64,gpu,true,true,1,1490400,H100
0.0629780586,0.062766,0.0,0.0,LDC-216000,LDC-216000,globalfaceBased,Fused,julia,float64,gpu,true,true,1,1490400,H100
0.0806273728,0.080641,0.0,0.0,LDC-216000,LDC-216000,cellBased,Fused,julia,float64,gpu,true,true,1,1490400,H100
1.0876108712203612,1.087496,0.0,0.0,LDC-4913000,LDC-4913000,faceBased,Fused,julia,float64,gpu,true,true,1,34217600,H100
0.477660764,0.477426,0.0,0.0,LDC-4913000,LDC-4913000,batchedFace,Fused,julia,float64,gpu,true,true,1,34217600,H100
1.0691422523524379,1.069011,0.0,0.0,LDC-4913000,LDC-4913000,globalfaceBased,Fused,julia,float64,gpu,true,true,1,34217600,H100
1.4505646579634466,1.478413,0.0,0.0,LDC-4913000,LDC-4913000,cellBased,Fused,julia,float64,gpu,true,true,1,34217600,H100

0.4734292301,0.47244,0.0,0.0,LDC-1000000,LDC-1000000,faceBased,Fused,julia,float64,gpu,true,true,1,6940000,H200
0.1324351627,0.132071,0.0,0.0,LDC-1000000,LDC-1000000,batchedFace,Fused,julia,float64,gpu,true,true,1,6940000,H200
0.4543580517,0.453424,0.0,0.0,LDC-1000000,LDC-1000000,globalfaceBased,Fused,julia,float64,gpu,true,true,1,6940000,H200
0.6974828635412307,0.697709,0.0,0.0,LDC-1000000,LDC-1000000,cellBased,Fused,julia,float64,gpu,true,true,1,6940000,H200
0.2011925393,0.200836,0.0,0.0,LDC-343000,LDC-343000,faceBased,Fused,julia,float64,gpu,true,true,1,2371600,H200
0.1108345389,0.110372,0.0,0.0,LDC-343000,LDC-343000,batchedFace,Fused,julia,float64,gpu,true,true,1,2371600,H200
0.1816433536,0.181299,0.0,0.0,LDC-343000,LDC-343000,globalfaceBased,Fused,julia,float64,gpu,true,true,1,2371600,H200
0.2891180148,0.288396,0.0,0.0,LDC-343000,LDC-343000,cellBased,Fused,julia,float64,gpu,true,true,1,2371600,H200
1.433897309721824,1.433801,0.0,0.0,LDC-3375000,LDC-3375000,faceBased,Fused,julia,float64,gpu,true,true,1,23490000,H200
0.2110385505,0.21054,0.0,0.0,LDC-3375000,LDC-3375000,batchedFace,Fused,julia,float64,gpu,true,true,1,23490000,H200
1.4195573205565022,1.4194065,0.0,0.0,LDC-3375000,LDC-3375000,globalfaceBased,Fused,julia,float64,gpu,true,true,1,23490000,H200
2.2096322209456476,2.208846,0.0,0.0,LDC-3375000,LDC-3375000,cellBased,Fused,julia,float64,gpu,true,true,1,23490000,H200
16.012450696485622,16.010008,0.0,0.0,LDC-39304000,LDC-39304000,faceBased,Fused,julia,float64,gpu,true,true,1,274434400,H200
1.4764191051077649,1.475358,0.0,0.0,LDC-39304000,LDC-39304000,batchedFace,Fused,julia,float64,gpu,true,true,1,274434400,H200
16.076628971153845,16.0767945,0.0,0.0,LDC-39304000,LDC-39304000,globalfaceBased,Fused,julia,float64,gpu,true,true,1,274434400,H200
25.230705683417085,25.230542,0.0,0.0,LDC-39304000,LDC-39304000,cellBased,Fused,julia,float64,gpu,true,true,1,274434400,H200
0.267430288,0.266857,0.0,0.0,LDC-512000,LDC-512000,faceBased,Fused,julia,float64,gpu,true,true,1,3545600,H200
0.11643998420000001,0.11619,0.0,0.0,LDC-512000,LDC-512000,batchedFace,Fused,julia,float64,gpu,true,true,1,3545600,H200
0.250624191,0.2503145,0.0,0.0,LDC-512000,LDC-512000,globalfaceBased,Fused,julia,float64,gpu,true,true,1,3545600,H200
0.41115372619999996,0.410424,0.0,0.0,LDC-512000,LDC-512000,cellBased,Fused,julia,float64,gpu,true,true,1,3545600,H200
1.7388740959666205,1.7383945,0.0,0.0,LDC-4096000,LDC-4096000,faceBased,Fused,julia,float64,gpu,true,true,1,28518400,H200
0.2497551527,0.249493,0.0,0.0,LDC-4096000,LDC-4096000,batchedFace,Fused,julia,float64,gpu,true,true,1,28518400,H200
1.7151413698113207,1.715177,0.0,0.0,LDC-4096000,LDC-4096000,globalfaceBased,Fused,julia,float64,gpu,true,true,1,28518400,H200
2.6782686266738085,2.67725,0.0,0.0,LDC-4096000,LDC-4096000,cellBased,Fused,julia,float64,gpu,true,true,1,28518400,H200
0.4734148653,0.4721135,0.0,0.0,LDC-1000000,LDC-1000000,faceBased,Fused,julia,float64,gpu,true,true,1,6940000,H200
0.132239776,0.131882,0.0,0.0,LDC-1000000,LDC-1000000,batchedFace,Fused,julia,float64,gpu,true,true,1,6940000,H200
0.4544116594,0.453443,0.0,0.0,LDC-1000000,LDC-1000000,globalfaceBased,Fused,julia,float64,gpu,true,true,1,6940000,H200
0.6970866700599637,0.697429,0.0,0.0,LDC-1000000,LDC-1000000,cellBased,Fused,julia,float64,gpu,true,true,1,6940000,H200
0.3645830517,0.363529,0.0,0.0,LDC-729000,LDC-729000,faceBased,Fused,julia,float64,gpu,true,true,1,5054400,H200
0.1236936012,0.1233,0.0,0.0,LDC-729000,LDC-729000,batchedFace,Fused,julia,float64,gpu,true,true,1,5054400,H200
0.3442224446,0.3436125,0.0,0.0,LDC-729000,LDC-729000,globalfaceBased,Fused,julia,float64,gpu,true,true,1,5054400,H200
0.5411291545956479,0.540353,0.0,0.0,LDC-729000,LDC-729000,cellBased,Fused,julia,float64,gpu,true,true,1,5054400,H200
0.6031065676882239,0.6019525,0.0,0.0,LDC-1331000,LDC-1331000,faceBased,Fused,julia,float64,gpu,true,true,1,9244400,H200
0.1431791429,0.142546,0.0,0.0,LDC-1331000,LDC-1331000,batchedFace,Fused,julia,float64,gpu,true,true,1,9244400,H200
0.5856074684864104,0.584929,0.0,0.0,LDC-1331000,LDC-1331000,globalfaceBased,Fused,julia,float64,gpu,true,true,1,9244400,H200
0.9204761224452219,0.920835,0.0,0.0,LDC-1331000,LDC-1331000,cellBased,Fused,julia,float64,gpu,true,true,1,9244400,H200
22.69116861085973,22.690855,0.0,0.0,LDC-54872000,LDC-54872000,faceBased,Fused,julia,float64,gpu,true,true,1,383237600,H200
2.0004221364,1.9995435,0.0,0.0,LDC-54872000,LDC-54872000,batchedFace,Fused,julia,float64,gpu,true,true,1,383237600,H200
22.784204745454545,22.781449,0.0,0.0,LDC-54872000,LDC-54872000,globalfaceBased,Fused,julia,float64,gpu,true,true,1,383237600,H200
35.25986377464788,35.262804,0.0,0.0,LDC-54872000,LDC-54872000,cellBased,Fused,julia,float64,gpu,true,true,1,383237600,H200
13.272677602122016,13.272769,0.0,0.0,LDC-32768000,LDC-32768000,faceBased,Fused,julia,float64,gpu,true,true,1,228761600,H200
1.261931656486623,1.257869,0.0,0.0,LDC-32768000,LDC-32768000,batchedFace,Fused,julia,float64,gpu,true,true,1,228761600,H200
13.338748410666668,13.339301,0.0,0.0,LDC-32768000,LDC-32768000,globalfaceBased,Fused,julia,float64,gpu,true,true,1,228761600,H200
21.167511548523205,21.167153,0.0,0.0,LDC-32768000,LDC-32768000,cellBased,Fused,julia,float64,gpu,true,true,1,228761600,H200
0.487857723,0.488148,0.0,0.0,LDC-1000000,LDC-1000000,faceBased,Fused,julia,float64,gpu,true,true,1,6940000,H100
0.1512458766,0.1513645,0.0,0.0,LDC-1000000,LDC-1000000,batchedFace,Fused,julia,float64,gpu,true,true,1,6940000,H100
0.46575969790000005,0.465183,0.0,0.0,LDC-1000000,LDC-1000000,globalfaceBased,Fused,julia,float64,gpu,true,true,1,6940000,H100
0.7026444994375703,0.702395,0.0,0.0,LDC-1000000,LDC-1000000,cellBased,Fused,julia,float64,gpu,true,true,1,6940000,H100
0.2101836354,0.20916,0.0,0.0,LDC-343000,LDC-343000,faceBased,Fused,julia,float64,gpu,true,true,1,2371600,H100
0.125780868,0.1254035,0.0,0.0,LDC-343000,LDC-343000,batchedFace,Fused,julia,float64,gpu,true,true,1,2371600,H100
0.1864468516,0.1862055,0.0,0.0,LDC-343000,LDC-343000,globalfaceBased,Fused,julia,float64,gpu,true,true,1,2371600,H100
0.2945989554,0.293875,0.0,0.0,LDC-343000,LDC-343000,cellBased,Fused,julia,float64,gpu,true,true,1,2371600,H100
26.57847188888889,26.577436,0.0,0.0,LDC-64000000,LDC-64000000,faceBased,Fused,julia,float64,gpu,true,true,1,447040000,H200
2.318844133982383,2.310827,0.0,0.0,LDC-64000000,LDC-64000000,batchedFace,Fused,julia,float64,gpu,true,true,1,447040000,H200
26.68528479255319,26.6851145,0.0,0.0,LDC-64000000,LDC-64000000,globalfaceBased,Fused,julia,float64,gpu,true,true,1,447040000,H200
41.18172231147541,41.183677,0.0,0.0,LDC-64000000,LDC-64000000,cellBased,Fused,julia,float64,gpu,true,true,1,447040000,H200
1.4579238352289297,1.457497,0.0,0.0,LDC-3375000,LDC-3375000,faceBased,Fused,julia,float64,gpu,true,true,1,23490000,H100
0.2326055321,0.232004,0.0,0.0,LDC-3375000,LDC-3375000,batchedFace,Fused,julia,float64,gpu,true,true,1,23490000,H100
1.439332178232076,1.438832,0.0,0.0,LDC-3375000,LDC-3375000,globalfaceBased,Fused,julia,float64,gpu,true,true,1,23490000,H100
2.2099726379310343,2.2096575,0.0,0.0,LDC-3375000,LDC-3375000,cellBased,Fused,julia,float64,gpu,true,true,1,23490000,H100
7.120874102418208,7.120862,0.0,0.0,LDC-17576000,LDC-17576000,faceBased,Fused,julia,float64,gpu,true,true,1,122626400,H200
0.7313058284084261,0.729974,0.0,0.0,LDC-17576000,LDC-17576000,batchedFace,Fused,julia,float64,gpu,true,true,1,122626400,H200
7.142587643366619,7.142662,0.0,0.0,LDC-17576000,LDC-17576000,globalfaceBased,Fused,julia,float64,gpu,true,true,1,122626400,H200
11.113607944444444,11.109141,0.0,0.0,LDC-17576000,LDC-17576000,cellBased,Fused,julia,float64,gpu,true,true,1,122626400,H200
0.0968001231,0.096643,0.0,0.0,LDC-125000,LDC-125000,faceBased,Fused,julia,float64,gpu,true,true,1,860000,H200
0.1027808955,0.10212,0.0,0.0,LDC-125000,LDC-125000,batchedFace,Fused,julia,float64,gpu,true,true,1,860000,H200
0.079723436,0.079579,0.0,0.0,LDC-125000,LDC-125000,globalfaceBased,Fused,julia,float64,gpu,true,true,1,860000,H200
0.15112048879999998,0.150637,0.0,0.0,LDC-125000,LDC-125000,cellBased,Fused,julia,float64,gpu,true,true,1,860000,H200
4.341483217881944,4.339345,0.0,0.0,LDC-10648000,LDC-10648000,faceBased,Fused,julia,float64,gpu,true,true,1,74245600,H200
0.4736793448,0.47285,0.0,0.0,LDC-10648000,LDC-10648000,batchedFace,Fused,julia,float64,gpu,true,true,1,74245600,H200
4.347403091225021,4.347206,0.0,0.0,LDC-10648000,LDC-10648000,globalfaceBased,Fused,julia,float64,gpu,true,true,1,74245600,H200
6.751590537112011,6.75028,0.0,0.0,LDC-10648000,LDC-10648000,cellBased,Fused,julia,float64,gpu,true,true,1,74245600,H200
35.2449326056338,26.889178,8.525858816901408,0.0,LDC-64000000,LDC-64000000,faceBased,Fused,julia,float64,gpu,true,true,1,447040000,H100
2.7631895955801102,2.334316,0.415013135359116,0.0,LDC-64000000,LDC-64000000,batchedFace,Fused,julia,float64,gpu,true,true,1,447040000,H100
30.364786757575757,26.984822,3.6934213515151515,0.0,LDC-64000000,LDC-64000000,globalfaceBased,Fused,julia,float64,gpu,true,true,1,447040000,H100
48.45027996153846,41.0200005,8.185856817307693,0.0,LDC-64000000,LDC-64000000,cellBased,Fused,julia,float64,gpu,true,true,1,447040000,H100
0.0606062603,0.060159,0.0,0.0,LDC-27000,LDC-27000,faceBased,Fused,julia,float64,gpu,true,true,1,183600,H100
0.1193839872,0.1188145,0.0011313341,0.0,LDC-27000,LDC-27000,batchedFace,Fused,julia,float64,gpu,true,true,1,183600,H100
0.042102321799999995,0.041889,0.0,0.0,LDC-27000,LDC-27000,globalfaceBased,Fused,julia,float64,gpu,true,true,1,183600,H100
0.0793864323,0.079066,0.0,0.0,LDC-27000,LDC-27000,cellBased,Fused,julia,float64,gpu,true,true,1,183600,H100
