case,cells,time_ns,strategy,executor,julia_or_neon
/storage/home/lupeterm/NeoFOAM/build/develop/benchmarkSuite/julia/Cases/LDC_N220,10648000,14876137,Face-Based,CPU-Serial,neon
/storage/home/lupeterm/NeoFOAM/build/develop/benchmarkSuite/julia/Cases/LDC_N220,10648000,5124211,Face-Based,CPU-Serial,julia
/storage/home/lupeterm/NeoFOAM/build/develop/benchmarkSuite/julia/Cases/LDC_N260,17576000,24468554,Face-Based,CPU-Serial,neon
/storage/home/lupeterm/NeoFOAM/build/develop/benchmarkSuite/julia/Cases/LDC_N260,17576000,8005189,Face-Based,CPU-Serial,julia
/storage/home/lupeterm/NeoFOAM/build/develop/benchmarkSuite/julia/Cases/LDC_N280,21952000,30502524,Face-Based,CPU-Serial,neon
/storage/home/lupeterm/NeoFOAM/build/develop/benchmarkSuite/julia/Cases/LDC_N280,21952000,9782923,Face-Based,CPU-Serial,julia
/storage/home/lupeterm/NeoFOAM/build/develop/benchmarkSuite/julia/Cases/LDC_N300,27000000,37767849,Face-Based,CPU-Serial,neon
/storage/home/lupeterm/NeoFOAM/build/develop/benchmarkSuite/julia/Cases/LDC_N300,27000000,12126950,Face-Based,CPU-Serial,julia
/storage/home/lupeterm/NeoFOAM/build/develop/benchmarkSuite/julia/Cases/LDC_N320,32768000,46999868,Face-Based,CPU-Serial,neon
/storage/home/lupeterm/NeoFOAM/build/develop/benchmarkSuite/julia/Cases/LDC_N320,32768000,14727488,Face-Based,CPU-Serial,julia
/storage/home/lupeterm/NeoFOAM/build/develop/benchmarkSuite/julia/Cases/LDC_N360,46656000,65192700,Face-Based,CPU-Serial,neon
/storage/home/lupeterm/NeoFOAM/build/develop/benchmarkSuite/julia/Cases/LDC_N360,46656000,20129389,Face-Based,CPU-Serial,julia
/storage/home/lupeterm/NeoFOAM/build/develop/benchmarkSuite/julia/Cases/LDC_N380,54872000,76016196,Face-Based,CPU-Serial,neon
/storage/home/lupeterm/NeoFOAM/build/develop/benchmarkSuite/julia/Cases/LDC_N380,54872000,23554239,Face-Based,CPU-Serial,julia
/storage/home/lupeterm/NeoFOAM/build/develop/benchmarkSuite/julia/Cases/LDC_N400,64000000,88701507,Face-Based,CPU-Serial,neon
/storage/home/lupeterm/NeoFOAM/build/develop/benchmarkSuite/julia/Cases/LDC_N400,64000000,27112604,Face-Based,CPU-Serial,julia
/storage/home/lupeterm/NeoFOAM/build/develop/benchmarkSuite/julia/Cases/LDC_N10,1000,2333,Face-Based,CPU-Serial,neon
/storage/home/lupeterm/NeoFOAM/build/develop/benchmarkSuite/julia/Cases/LDC_N10,1000,527041,Face-Based,CPU-Serial,julia
/storage/home/lupeterm/NeoFOAM/build/develop/benchmarkSuite/julia/Cases/LDC_N110,1331000,2190743,Face-Based,CPU-Serial,neon
/storage/home/lupeterm/NeoFOAM/build/develop/benchmarkSuite/julia/Cases/LDC_N110,1331000,1001662,Face-Based,CPU-Serial,julia
/storage/home/lupeterm/NeoFOAM/build/develop/benchmarkSuite/julia/Cases/LDC_N130,2197000,3557649,Face-Based,CPU-Serial,neon
/storage/home/lupeterm/NeoFOAM/build/develop/benchmarkSuite/julia/Cases/LDC_N130,2197000,1304416,Face-Based,CPU-Serial,julia
/storage/home/lupeterm/NeoFOAM/build/develop/benchmarkSuite/julia/Cases/LDC_N140,2744000,4445413,Face-Based,CPU-Serial,neon
/storage/home/lupeterm/NeoFOAM/build/develop/benchmarkSuite/julia/Cases/LDC_N140,2744000,1485839,Face-Based,CPU-Serial,julia
/storage/home/lupeterm/NeoFOAM/build/develop/benchmarkSuite/julia/Cases/LDC_N160,4096000,6199378,Face-Based,CPU-Serial,neon
/storage/home/lupeterm/NeoFOAM/build/develop/benchmarkSuite/julia/Cases/LDC_N160,4096000,1952553,Face-Based,CPU-Serial,julia
/storage/home/lupeterm/NeoFOAM/build/develop/benchmarkSuite/julia/Cases/LDC_N170,4913000,7857497,Face-Based,CPU-Serial,neon
/storage/home/lupeterm/NeoFOAM/build/develop/benchmarkSuite/julia/Cases/LDC_N170,4913000,2240011,Face-Based,CPU-Serial,julia
/storage/home/lupeterm/NeoFOAM/build/develop/benchmarkSuite/julia/Cases/LDC_N180,5832000,9353168,Face-Based,CPU-Serial,neon
/storage/home/lupeterm/NeoFOAM/build/develop/benchmarkSuite/julia/Cases/LDC_N180,5832000,2561286,Face-Based,CPU-Serial,julia
/storage/home/lupeterm/NeoFOAM/build/develop/benchmarkSuite/julia/Cases/LDC_N190,6859000,11229865,Face-Based,CPU-Serial,neon
/storage/home/lupeterm/NeoFOAM/build/develop/benchmarkSuite/julia/Cases/LDC_N190,6859000,2930724,Face-Based,CPU-Serial,julia
/storage/home/lupeterm/NeoFOAM/build/develop/benchmarkSuite/julia/Cases/LDC_N20,8000,13490,Face-Based,CPU-Serial,neon
/storage/home/lupeterm/NeoFOAM/build/develop/benchmarkSuite/julia/Cases/LDC_N20,8000,515830,Face-Based,CPU-Serial,julia
/storage/home/lupeterm/NeoFOAM/build/develop/benchmarkSuite/julia/Cases/LDC_N200,8000000,13195980,Face-Based,CPU-Serial,neon
/storage/home/lupeterm/NeoFOAM/build/develop/benchmarkSuite/julia/Cases/LDC_N200,8000000,3311495,Face-Based,CPU-Serial,julia
/storage/home/lupeterm/NeoFOAM/build/develop/benchmarkSuite/julia/Cases/LDC_N240,13824000,22173463,Face-Based,CPU-Serial,neon
/storage/home/lupeterm/NeoFOAM/build/develop/benchmarkSuite/julia/Cases/LDC_N240,13824000,5329898,Face-Based,CPU-Serial,julia
/storage/home/lupeterm/NeoFOAM/build/develop/benchmarkSuite/julia/Cases/LDC_N30,27000,44106,Face-Based,CPU-Serial,neon
/storage/home/lupeterm/NeoFOAM/build/develop/benchmarkSuite/julia/Cases/LDC_N30,27000,524715,Face-Based,CPU-Serial,julia
/storage/home/lupeterm/NeoFOAM/build/develop/benchmarkSuite/julia/Cases/LDC_N40,64000,103345,Face-Based,CPU-Serial,neon
/storage/home/lupeterm/NeoFOAM/build/develop/benchmarkSuite/julia/Cases/LDC_N40,64000,543962,Face-Based,CPU-Serial,julia
/storage/home/lupeterm/NeoFOAM/build/develop/benchmarkSuite/julia/Cases/LDC_N50,125000,203751,Face-Based,CPU-Serial,neon
/storage/home/lupeterm/NeoFOAM/build/develop/benchmarkSuite/julia/Cases/LDC_N50,125000,570739,Face-Based,CPU-Serial,julia
/storage/home/lupeterm/NeoFOAM/build/develop/benchmarkSuite/julia/Cases/LDC_N60,216000,335995,Face-Based,CPU-Serial,neon
/storage/home/lupeterm/NeoFOAM/build/develop/benchmarkSuite/julia/Cases/LDC_N60,216000,608076,Face-Based,CPU-Serial,julia
/storage/home/lupeterm/NeoFOAM/build/develop/benchmarkSuite/julia/Cases/LDC_N70,343000,565662,Face-Based,CPU-Serial,neon
/storage/home/lupeterm/NeoFOAM/build/develop/benchmarkSuite/julia/Cases/LDC_N70,343000,656289,Face-Based,CPU-Serial,julia
/storage/home/lupeterm/NeoFOAM/build/develop/benchmarkSuite/julia/Cases/LDC_N80,512000,802152,Face-Based,CPU-Serial,neon
/storage/home/lupeterm/NeoFOAM/build/develop/benchmarkSuite/julia/Cases/LDC_N80,512000,728115,Face-Based,CPU-Serial,julia
/storage/home/lupeterm/NeoFOAM/build/develop/benchmarkSuite/julia/Cases/LDC_N90,729000,1195256,Face-Based,CPU-Serial,neon
/storage/home/lupeterm/NeoFOAM/build/develop/benchmarkSuite/julia/Cases/LDC_N90,729000,796788,Face-Based,CPU-Serial,julia
/storage/home/lupeterm/NeoFOAM/build/develop/benchmarkSuite/julia/Cases/LDC_N120,1728000,2628733,Face-Based,CPU-Serial,neon
/storage/home/lupeterm/NeoFOAM/build/develop/benchmarkSuite/julia/Cases/LDC_N120,1728000,1137718,Face-Based,CPU-Serial,julia
