real,sys,neon,neofoam,build,node,threads,julia
4m34.422s,7m32.567s,true,false,gpu,h100,64,false
4m50.628s,5m23.200s,true,false,gpu,h100,32,false
5m21.134s,5m44.591s,true,false,gpu,h100,32,true
5m20.163s,8m12.599s,true,false,gpu,h100,64,true

3m17.297s,4m46.028s,true,false,gpu,h200,64,true
4m15.267s,3m24.172s,true,false,gpu,h200,32,true
4m2.306s,3m16.067s,true,false,gpu,h200,32,false
3m8.348s,5m10.122s,true,false,gpu,h200,64,false


3m36.720s,1m32.084s,true,false,cpu,h200,64,true
3m38.770s,1m17.468s,true,false,cpu,h200,32,true
3m28.443s,1m13.964s,true,false,cpu,h200,32,false
3m32.697s,1m24.346s,true,false,cpu,h200,64,false

4m47.723s,2m29.491s,true,false,cpu,h100,64,true
4m24.368s,1m59.814s,true,false,cpu,h100,32,true
4m4.761s,1m49.801s,true,false,cpu,h100,32,false
4m30.317s,2m15.346s,true,false,cpu,h100,64,false