case,cells,time_ns,strategy,executor,julia_or_neon,threads,node,nnz
LDC_N300,27000000,4154873,Face-Based,CPU,JuNe,1,gpu-nvidia-h200,188460000
LDC_N300,27000000,4150069,Face-Based,CPU,JuNe,1,gpu-nvidia-h200,188460000
LDC_N300,27000000,4160358,Face-Based,CPU,JuNe,1,gpu-nvidia-h200,188460000
LDC_N300,27000000,4855783,Cell-Based,CPU,JuNe,1,gpu-nvidia-h200,188460000
LDC_N300,27000000,4831059,Cell-Based,CPU,JuNe,1,gpu-nvidia-h200,188460000
LDC_N300,27000000,4856191,Cell-Based,CPU,JuNe,1,gpu-nvidia-h200,188460000
LDC_N300,27000000,4130692,Global Face-Based,CPU,JuNe,1,gpu-nvidia-h200,188460000
LDC_N300,27000000,4125237,Global Face-Based,CPU,JuNe,1,gpu-nvidia-h200,188460000
LDC_N300,27000000,4134789,Global Face-Based,CPU,JuNe,1,gpu-nvidia-h200,188460000
LDC_N300,27000000,4773064,Face-Based,CPU,JuNe,1,gpu-nvidia-h100,188460000
LDC_N300,27000000,4814001,Face-Based,CPU,JuNe,1,gpu-nvidia-h100,188460000
LDC_N300,27000000,4743601,Face-Based,CPU,JuNe,1,gpu-nvidia-h100,188460000
LDC_N300,27000000,5214536,Cell-Based,CPU,JuNe,1,gpu-nvidia-h100,188460000
LDC_N300,27000000,5269503,Cell-Based,CPU,JuNe,1,gpu-nvidia-h100,188460000
LDC_N300,27000000,5258799,Cell-Based,CPU,JuNe,1,gpu-nvidia-h100,188460000
LDC_N300,27000000,4759082,Global Face-Based,CPU,JuNe,1,gpu-nvidia-h100,188460000
LDC_N300,27000000,4768577,Global Face-Based,CPU,JuNe,1,gpu-nvidia-h100,188460000
LDC_N300,27000000,4746728,Global Face-Based,CPU,JuNe,1,gpu-nvidia-h100,188460000
LDC_N300,27000000,1455809,Face-Based,CPU,JuNe,2,gpu-nvidia-h200,188460000
LDC_N300,27000000,1457209,Face-Based,CPU,JuNe,2,gpu-nvidia-h200,188460000
LDC_N300,27000000,1457534,Face-Based,CPU,JuNe,2,gpu-nvidia-h200,188460000
LDC_N300,27000000,1414348,Cell-Based,CPU,JuNe,2,gpu-nvidia-h200,188460000
LDC_N300,27000000,1260153,Cell-Based,CPU,JuNe,2,gpu-nvidia-h200,188460000
LDC_N300,27000000,1159562,Cell-Based,CPU,JuNe,2,gpu-nvidia-h200,188460000
LDC_N300,27000000,1503357,Global Face-Based,CPU,JuNe,2,gpu-nvidia-h200,188460000
LDC_N300,27000000,1498453,Global Face-Based,CPU,JuNe,2,gpu-nvidia-h200,188460000
LDC_N300,27000000,1490715,Global Face-Based,CPU,JuNe,2,gpu-nvidia-h200,188460000
LDC_N300,27000000,2256136,Face-Based,CPU,JuNe,2,gpu-nvidia-h100,188460000
LDC_N300,27000000,2386211,Face-Based,CPU,JuNe,2,gpu-nvidia-h100,188460000
LDC_N300,27000000,2698477,Face-Based,CPU,JuNe,2,gpu-nvidia-h100,188460000
LDC_N300,27000000,2004381,Cell-Based,CPU,JuNe,2,gpu-nvidia-h100,188460000
LDC_N300,27000000,2579198,Cell-Based,CPU,JuNe,2,gpu-nvidia-h100,188460000
LDC_N300,27000000,2838116,Cell-Based,CPU,JuNe,2,gpu-nvidia-h100,188460000
LDC_N300,27000000,2527902,Global Face-Based,CPU,JuNe,2,gpu-nvidia-h100,188460000
LDC_N300,27000000,2279556,Global Face-Based,CPU,JuNe,2,gpu-nvidia-h100,188460000
LDC_N300,27000000,2409984,Global Face-Based,CPU,JuNe,2,gpu-nvidia-h100,188460000
LDC_N300,27000000,774225,Face-Based,CPU,JuNe,4,gpu-nvidia-h200,188460000
LDC_N300,27000000,776795,Face-Based,CPU,JuNe,4,gpu-nvidia-h200,188460000
LDC_N300,27000000,781961,Face-Based,CPU,JuNe,4,gpu-nvidia-h200,188460000
LDC_N300,27000000,1135299,Cell-Based,CPU,JuNe,4,gpu-nvidia-h200,188460000
LDC_N300,27000000,1127618,Cell-Based,CPU,JuNe,4,gpu-nvidia-h200,188460000
LDC_N300,27000000,1043817,Cell-Based,CPU,JuNe,4,gpu-nvidia-h200,188460000
LDC_N300,27000000,843418,Global Face-Based,CPU,JuNe,4,gpu-nvidia-h200,188460000
LDC_N300,27000000,817943,Global Face-Based,CPU,JuNe,4,gpu-nvidia-h200,188460000
LDC_N300,27000000,812732,Global Face-Based,CPU,JuNe,4,gpu-nvidia-h200,188460000
LDC_N300,27000000,404072,Face-Based,CPU,JuNe,8,gpu-nvidia-h200,188460000
LDC_N300,27000000,414564,Face-Based,CPU,JuNe,8,gpu-nvidia-h200,188460000
LDC_N300,27000000,401870,Face-Based,CPU,JuNe,8,gpu-nvidia-h200,188460000
LDC_N300,27000000,607903,Cell-Based,CPU,JuNe,8,gpu-nvidia-h200,188460000
LDC_N300,27000000,574046,Cell-Based,CPU,JuNe,8,gpu-nvidia-h200,188460000
LDC_N300,27000000,618909,Cell-Based,CPU,JuNe,8,gpu-nvidia-h200,188460000
LDC_N300,27000000,432510,Global Face-Based,CPU,JuNe,8,gpu-nvidia-h200,188460000
LDC_N300,27000000,431099,Global Face-Based,CPU,JuNe,8,gpu-nvidia-h200,188460000
LDC_N300,27000000,438593,Global Face-Based,CPU,JuNe,8,gpu-nvidia-h200,188460000
LDC_N300,27000000,1284574,Face-Based,CPU,JuNe,4,gpu-nvidia-h100,188460000
LDC_N300,27000000,1259501,Face-Based,CPU,JuNe,4,gpu-nvidia-h100,188460000
LDC_N300,27000000,1258930,Face-Based,CPU,JuNe,4,gpu-nvidia-h100,188460000
LDC_N300,27000000,2129680,Cell-Based,CPU,JuNe,4,gpu-nvidia-h100,188460000
LDC_N300,27000000,2029492,Cell-Based,CPU,JuNe,4,gpu-nvidia-h100,188460000
LDC_N300,27000000,1901231,Cell-Based,CPU,JuNe,4,gpu-nvidia-h100,188460000
LDC_N300,27000000,1411421,Global Face-Based,CPU,JuNe,4,gpu-nvidia-h100,188460000
LDC_N300,27000000,1370046,Global Face-Based,CPU,JuNe,4,gpu-nvidia-h100,188460000
LDC_N300,27000000,1350070,Global Face-Based,CPU,JuNe,4,gpu-nvidia-h100,188460000
LDC_N300,27000000,224302,Face-Based,CPU,JuNe,16,gpu-nvidia-h200,188460000
LDC_N300,27000000,219273,Face-Based,CPU,JuNe,16,gpu-nvidia-h200,188460000
LDC_N300,27000000,220877,Face-Based,CPU,JuNe,16,gpu-nvidia-h200,188460000
LDC_N300,27000000,764853,Cell-Based,CPU,JuNe,16,gpu-nvidia-h200,188460000
LDC_N300,27000000,793262,Cell-Based,CPU,JuNe,16,gpu-nvidia-h200,188460000
LDC_N300,27000000,735180,Cell-Based,CPU,JuNe,16,gpu-nvidia-h200,188460000
LDC_N300,27000000,255916,Global Face-Based,CPU,JuNe,16,gpu-nvidia-h200,188460000
LDC_N300,27000000,250456,Global Face-Based,CPU,JuNe,16,gpu-nvidia-h200,188460000
LDC_N300,27000000,250822,Global Face-Based,CPU,JuNe,16,gpu-nvidia-h200,188460000
LDC_N300,27000000,705184,Face-Based,CPU,JuNe,8,gpu-nvidia-h100,188460000
LDC_N300,27000000,707191,Face-Based,CPU,JuNe,8,gpu-nvidia-h100,188460000
LDC_N300,27000000,680392,Face-Based,CPU,JuNe,8,gpu-nvidia-h100,188460000
LDC_N300,27000000,1658817,Cell-Based,CPU,JuNe,8,gpu-nvidia-h100,188460000
LDC_N300,27000000,1473845,Cell-Based,CPU,JuNe,8,gpu-nvidia-h100,188460000
LDC_N300,27000000,1442029,Cell-Based,CPU,JuNe,8,gpu-nvidia-h100,188460000
LDC_N300,27000000,805542,Global Face-Based,CPU,JuNe,8,gpu-nvidia-h100,188460000
LDC_N300,27000000,778358,Global Face-Based,CPU,JuNe,8,gpu-nvidia-h100,188460000
LDC_N300,27000000,801822,Global Face-Based,CPU,JuNe,8,gpu-nvidia-h100,188460000
LDC_N300,27000000,115941,Face-Based,CPU,JuNe,32,gpu-nvidia-h200,188460000
LDC_N300,27000000,115117,Face-Based,CPU,JuNe,32,gpu-nvidia-h200,188460000
LDC_N300,27000000,115199,Face-Based,CPU,JuNe,32,gpu-nvidia-h200,188460000
LDC_N300,27000000,826369,Cell-Based,CPU,JuNe,32,gpu-nvidia-h200,188460000
LDC_N300,27000000,769988,Cell-Based,CPU,JuNe,32,gpu-nvidia-h200,188460000
LDC_N300,27000000,834940,Cell-Based,CPU,JuNe,32,gpu-nvidia-h200,188460000
LDC_N300,27000000,179435,Global Face-Based,CPU,JuNe,32,gpu-nvidia-h200,188460000
LDC_N300,27000000,167150,Global Face-Based,CPU,JuNe,32,gpu-nvidia-h200,188460000
LDC_N300,27000000,183772,Global Face-Based,CPU,JuNe,32,gpu-nvidia-h200,188460000
LDC_N300,27000000,84395,Face-Based,CPU,JuNe,64,gpu-nvidia-h200,188460000
LDC_N300,27000000,90525,Face-Based,CPU,JuNe,64,gpu-nvidia-h200,188460000
LDC_N300,27000000,95555,Face-Based,CPU,JuNe,64,gpu-nvidia-h200,188460000
LDC_N300,27000000,858535,Cell-Based,CPU,JuNe,64,gpu-nvidia-h200,188460000
LDC_N300,27000000,1042844,Cell-Based,CPU,JuNe,64,gpu-nvidia-h200,188460000
LDC_N300,27000000,992187,Cell-Based,CPU,JuNe,64,gpu-nvidia-h200,188460000
LDC_N300,27000000,114052,Global Face-Based,CPU,JuNe,64,gpu-nvidia-h200,188460000
LDC_N300,27000000,113214,Global Face-Based,CPU,JuNe,64,gpu-nvidia-h200,188460000
LDC_N300,27000000,113278,Global Face-Based,CPU,JuNe,64,gpu-nvidia-h200,188460000
LDC_N300,27000000,370318,Face-Based,CPU,JuNe,16,gpu-nvidia-h100,188460000
LDC_N300,27000000,412590,Face-Based,CPU,JuNe,16,gpu-nvidia-h100,188460000
LDC_N300,27000000,403154,Face-Based,CPU,JuNe,16,gpu-nvidia-h100,188460000
LDC_N300,27000000,1385473,Cell-Based,CPU,JuNe,16,gpu-nvidia-h100,188460000
LDC_N300,27000000,1378346,Cell-Based,CPU,JuNe,16,gpu-nvidia-h100,188460000
LDC_N300,27000000,1490328,Cell-Based,CPU,JuNe,16,gpu-nvidia-h100,188460000
LDC_N300,27000000,501789,Global Face-Based,CPU,JuNe,16,gpu-nvidia-h100,188460000
LDC_N300,27000000,480378,Global Face-Based,CPU,JuNe,16,gpu-nvidia-h100,188460000
LDC_N300,27000000,478457,Global Face-Based,CPU,JuNe,16,gpu-nvidia-h100,188460000
LDC_N300,27000000,81457,Face-Based,CPU,JuNe,128,gpu-nvidia-h200,188460000
LDC_N300,27000000,93514,Face-Based,CPU,JuNe,128,gpu-nvidia-h200,188460000
LDC_N300,27000000,93671,Face-Based,CPU,JuNe,128,gpu-nvidia-h200,188460000
LDC_N300,27000000,1345448,Cell-Based,CPU,JuNe,128,gpu-nvidia-h200,188460000
LDC_N300,27000000,1464058,Cell-Based,CPU,JuNe,128,gpu-nvidia-h200,188460000
LDC_N300,27000000,1509284,Cell-Based,CPU,JuNe,128,gpu-nvidia-h200,188460000
LDC_N300,27000000,123531,Global Face-Based,CPU,JuNe,128,gpu-nvidia-h200,188460000
LDC_N300,27000000,123939,Global Face-Based,CPU,JuNe,128,gpu-nvidia-h200,188460000
LDC_N300,27000000,120040,Global Face-Based,CPU,JuNe,128,gpu-nvidia-h200,188460000
LDC_N300,27000000,219687,Face-Based,CPU,JuNe,32,gpu-nvidia-h100,188460000
LDC_N300,27000000,197393,Face-Based,CPU,JuNe,32,gpu-nvidia-h100,188460000
LDC_N300,27000000,217856,Face-Based,CPU,JuNe,32,gpu-nvidia-h100,188460000
LDC_N300,27000000,1390155,Cell-Based,CPU,JuNe,32,gpu-nvidia-h100,188460000
LDC_N300,27000000,1499294,Cell-Based,CPU,JuNe,32,gpu-nvidia-h100,188460000
LDC_N300,27000000,1239718,Cell-Based,CPU,JuNe,32,gpu-nvidia-h100,188460000
LDC_N300,27000000,294667,Global Face-Based,CPU,JuNe,32,gpu-nvidia-h100,188460000
LDC_N300,27000000,360286,Global Face-Based,CPU,JuNe,32,gpu-nvidia-h100,188460000
LDC_N300,27000000,308377,Global Face-Based,CPU,JuNe,32,gpu-nvidia-h100,188460000
LDC_N300,27000000,106140,Face-Based,CPU,JuNe,64,gpu-nvidia-h100,188460000
LDC_N300,27000000,139491,Face-Based,CPU,JuNe,64,gpu-nvidia-h100,188460000
LDC_N300,27000000,122980,Face-Based,CPU,JuNe,64,gpu-nvidia-h100,188460000
LDC_N300,27000000,1241664,Cell-Based,CPU,JuNe,64,gpu-nvidia-h100,188460000
LDC_N300,27000000,1177440,Cell-Based,CPU,JuNe,64,gpu-nvidia-h100,188460000
LDC_N300,27000000,1291142,Cell-Based,CPU,JuNe,64,gpu-nvidia-h100,188460000
LDC_N300,27000000,261682,Global Face-Based,CPU,JuNe,64,gpu-nvidia-h100,188460000
LDC_N300,27000000,215597,Global Face-Based,CPU,JuNe,64,gpu-nvidia-h100,188460000
LDC_N300,27000000,243256,Global Face-Based,CPU,JuNe,64,gpu-nvidia-h100,188460000
LDC_N320,32768000,6156054,Face-Based,CPU,JuNe,1,gpu-nvidia-h200,228761600
LDC_N320,32768000,6350023,Face-Based,CPU,JuNe,1,gpu-nvidia-h200,228761600
LDC_N320,32768000,6353297,Face-Based,CPU,JuNe,1,gpu-nvidia-h200,228761600
LDC_N320,32768000,6539248,Cell-Based,CPU,JuNe,1,gpu-nvidia-h200,228761600
LDC_N320,32768000,6286944,Cell-Based,CPU,JuNe,1,gpu-nvidia-h200,228761600
LDC_N320,32768000,6332152,Cell-Based,CPU,JuNe,1,gpu-nvidia-h200,228761600
LDC_N320,32768000,5897230,Global Face-Based,CPU,JuNe,1,gpu-nvidia-h200,228761600
LDC_N320,32768000,5911081,Global Face-Based,CPU,JuNe,1,gpu-nvidia-h200,228761600
LDC_N320,32768000,5917636,Global Face-Based,CPU,JuNe,1,gpu-nvidia-h200,228761600
LDC_N300,27000000,163833,Face-Based,CPU,JuNe,128,gpu-nvidia-h100,188460000
LDC_N300,27000000,151386,Face-Based,CPU,JuNe,128,gpu-nvidia-h100,188460000
LDC_N300,27000000,133133,Face-Based,CPU,JuNe,128,gpu-nvidia-h100,188460000
LDC_N300,27000000,930446,Cell-Based,CPU,JuNe,128,gpu-nvidia-h100,188460000
LDC_N300,27000000,971973,Cell-Based,CPU,JuNe,128,gpu-nvidia-h100,188460000
LDC_N300,27000000,928583,Cell-Based,CPU,JuNe,128,gpu-nvidia-h100,188460000
LDC_N300,27000000,243767,Global Face-Based,CPU,JuNe,128,gpu-nvidia-h100,188460000
LDC_N300,27000000,231851,Global Face-Based,CPU,JuNe,128,gpu-nvidia-h100,188460000
LDC_N300,27000000,240262,Global Face-Based,CPU,JuNe,128,gpu-nvidia-h100,188460000
LDC_N320,32768000,1711806,Face-Based,CPU,JuNe,2,gpu-nvidia-h200,228761600
LDC_N320,32768000,1709738,Face-Based,CPU,JuNe,2,gpu-nvidia-h200,228761600
LDC_N320,32768000,1706530,Face-Based,CPU,JuNe,2,gpu-nvidia-h200,228761600
LDC_N320,32768000,1295992,Cell-Based,CPU,JuNe,2,gpu-nvidia-h200,228761600
LDC_N320,32768000,1297932,Cell-Based,CPU,JuNe,2,gpu-nvidia-h200,228761600
LDC_N320,32768000,1305582,Cell-Based,CPU,JuNe,2,gpu-nvidia-h200,228761600
LDC_N320,32768000,1779180,Global Face-Based,CPU,JuNe,2,gpu-nvidia-h200,228761600
LDC_N320,32768000,1784487,Global Face-Based,CPU,JuNe,2,gpu-nvidia-h200,228761600
LDC_N320,32768000,1786028,Global Face-Based,CPU,JuNe,2,gpu-nvidia-h200,228761600
LDC_N320,32768000,878849,Face-Based,CPU,JuNe,4,gpu-nvidia-h200,228761600
LDC_N320,32768000,869266,Face-Based,CPU,JuNe,4,gpu-nvidia-h200,228761600
LDC_N320,32768000,875615,Face-Based,CPU,JuNe,4,gpu-nvidia-h200,228761600
LDC_N320,32768000,1739290,Cell-Based,CPU,JuNe,4,gpu-nvidia-h200,228761600
LDC_N320,32768000,1310591,Cell-Based,CPU,JuNe,4,gpu-nvidia-h200,228761600
LDC_N320,32768000,1400231,Cell-Based,CPU,JuNe,4,gpu-nvidia-h200,228761600
LDC_N320,32768000,921455,Global Face-Based,CPU,JuNe,4,gpu-nvidia-h200,228761600
LDC_N320,32768000,935474,Global Face-Based,CPU,JuNe,4,gpu-nvidia-h200,228761600
LDC_N320,32768000,922956,Global Face-Based,CPU,JuNe,4,gpu-nvidia-h200,228761600
LDC_N320,32768000,5782068,Face-Based,CPU,JuNe,1,gpu-nvidia-h100,228761600
LDC_N320,32768000,5825452,Face-Based,CPU,JuNe,1,gpu-nvidia-h100,228761600
LDC_N320,32768000,5828720,Face-Based,CPU,JuNe,1,gpu-nvidia-h100,228761600
LDC_N320,32768000,6356942,Cell-Based,CPU,JuNe,1,gpu-nvidia-h100,228761600
LDC_N320,32768000,6300757,Cell-Based,CPU,JuNe,1,gpu-nvidia-h100,228761600
LDC_N320,32768000,6355990,Cell-Based,CPU,JuNe,1,gpu-nvidia-h100,228761600
LDC_N320,32768000,5777434,Global Face-Based,CPU,JuNe,1,gpu-nvidia-h100,228761600
LDC_N320,32768000,5817447,Global Face-Based,CPU,JuNe,1,gpu-nvidia-h100,228761600
LDC_N320,32768000,5814452,Global Face-Based,CPU,JuNe,1,gpu-nvidia-h100,228761600
LDC_N320,32768000,481893,Face-Based,CPU,JuNe,8,gpu-nvidia-h200,228761600
LDC_N320,32768000,479820,Face-Based,CPU,JuNe,8,gpu-nvidia-h200,228761600
LDC_N320,32768000,478528,Face-Based,CPU,JuNe,8,gpu-nvidia-h200,228761600
LDC_N320,32768000,766241,Cell-Based,CPU,JuNe,8,gpu-nvidia-h200,228761600
LDC_N320,32768000,850472,Cell-Based,CPU,JuNe,8,gpu-nvidia-h200,228761600
LDC_N320,32768000,852390,Cell-Based,CPU,JuNe,8,gpu-nvidia-h200,228761600
LDC_N320,32768000,541312,Global Face-Based,CPU,JuNe,8,gpu-nvidia-h200,228761600
LDC_N320,32768000,547152,Global Face-Based,CPU,JuNe,8,gpu-nvidia-h200,228761600
LDC_N320,32768000,533443,Global Face-Based,CPU,JuNe,8,gpu-nvidia-h200,228761600
LDC_N320,32768000,272158,Face-Based,CPU,JuNe,16,gpu-nvidia-h200,228761600
LDC_N320,32768000,271681,Face-Based,CPU,JuNe,16,gpu-nvidia-h200,228761600
LDC_N320,32768000,286010,Face-Based,CPU,JuNe,16,gpu-nvidia-h200,228761600
LDC_N320,32768000,850863,Cell-Based,CPU,JuNe,16,gpu-nvidia-h200,228761600
LDC_N320,32768000,842395,Cell-Based,CPU,JuNe,16,gpu-nvidia-h200,228761600
LDC_N320,32768000,861854,Cell-Based,CPU,JuNe,16,gpu-nvidia-h200,228761600
LDC_N320,32768000,319047,Global Face-Based,CPU,JuNe,16,gpu-nvidia-h200,228761600
LDC_N320,32768000,338848,Global Face-Based,CPU,JuNe,16,gpu-nvidia-h200,228761600
LDC_N320,32768000,319313,Global Face-Based,CPU,JuNe,16,gpu-nvidia-h200,228761600
LDC_N320,32768000,2048265,Face-Based,CPU,JuNe,2,gpu-nvidia-h100,228761600
LDC_N320,32768000,2120875,Face-Based,CPU,JuNe,2,gpu-nvidia-h100,228761600
LDC_N320,32768000,2113254,Face-Based,CPU,JuNe,2,gpu-nvidia-h100,228761600
LDC_N320,32768000,2194355,Cell-Based,CPU,JuNe,2,gpu-nvidia-h100,228761600
LDC_N320,32768000,2115518,Cell-Based,CPU,JuNe,2,gpu-nvidia-h100,228761600
LDC_N320,32768000,2091710,Cell-Based,CPU,JuNe,2,gpu-nvidia-h100,228761600
LDC_N320,32768000,2165017,Global Face-Based,CPU,JuNe,2,gpu-nvidia-h100,228761600
LDC_N320,32768000,2250109,Global Face-Based,CPU,JuNe,2,gpu-nvidia-h100,228761600
LDC_N320,32768000,2165996,Global Face-Based,CPU,JuNe,2,gpu-nvidia-h100,228761600
LDC_N320,32768000,191066,Face-Based,CPU,JuNe,32,gpu-nvidia-h200,228761600
LDC_N320,32768000,194841,Face-Based,CPU,JuNe,32,gpu-nvidia-h200,228761600
LDC_N320,32768000,195882,Face-Based,CPU,JuNe,32,gpu-nvidia-h200,228761600
LDC_N320,32768000,1161277,Cell-Based,CPU,JuNe,32,gpu-nvidia-h200,228761600
LDC_N320,32768000,1186367,Cell-Based,CPU,JuNe,32,gpu-nvidia-h200,228761600
LDC_N320,32768000,1216999,Cell-Based,CPU,JuNe,32,gpu-nvidia-h200,228761600
LDC_N320,32768000,222097,Global Face-Based,CPU,JuNe,32,gpu-nvidia-h200,228761600
LDC_N320,32768000,222688,Global Face-Based,CPU,JuNe,32,gpu-nvidia-h200,228761600
LDC_N320,32768000,220581,Global Face-Based,CPU,JuNe,32,gpu-nvidia-h200,228761600
LDC_N320,32768000,113959,Face-Based,CPU,JuNe,64,gpu-nvidia-h200,228761600
LDC_N320,32768000,119044,Face-Based,CPU,JuNe,64,gpu-nvidia-h200,228761600
LDC_N320,32768000,114937,Face-Based,CPU,JuNe,64,gpu-nvidia-h200,228761600
LDC_N320,32768000,1161902,Cell-Based,CPU,JuNe,64,gpu-nvidia-h200,228761600
LDC_N320,32768000,1244113,Cell-Based,CPU,JuNe,64,gpu-nvidia-h200,228761600
LDC_N320,32768000,1252711,Cell-Based,CPU,JuNe,64,gpu-nvidia-h200,228761600
LDC_N320,32768000,156046,Global Face-Based,CPU,JuNe,64,gpu-nvidia-h200,228761600
LDC_N320,32768000,167987,Global Face-Based,CPU,JuNe,64,gpu-nvidia-h200,228761600
LDC_N320,32768000,172785,Global Face-Based,CPU,JuNe,64,gpu-nvidia-h200,228761600
LDC_N320,32768000,1458637,Face-Based,CPU,JuNe,4,gpu-nvidia-h100,228761600
LDC_N320,32768000,1485449,Face-Based,CPU,JuNe,4,gpu-nvidia-h100,228761600
LDC_N320,32768000,1457442,Face-Based,CPU,JuNe,4,gpu-nvidia-h100,228761600
LDC_N320,32768000,2060524,Cell-Based,CPU,JuNe,4,gpu-nvidia-h100,228761600
LDC_N320,32768000,2072154,Cell-Based,CPU,JuNe,4,gpu-nvidia-h100,228761600
LDC_N320,32768000,2246728,Cell-Based,CPU,JuNe,4,gpu-nvidia-h100,228761600
LDC_N320,32768000,1635802,Global Face-Based,CPU,JuNe,4,gpu-nvidia-h100,228761600
LDC_N320,32768000,1620225,Global Face-Based,CPU,JuNe,4,gpu-nvidia-h100,228761600
LDC_N320,32768000,1618422,Global Face-Based,CPU,JuNe,4,gpu-nvidia-h100,228761600
LDC_N320,32768000,121107,Face-Based,CPU,JuNe,128,gpu-nvidia-h200,228761600
LDC_N320,32768000,105114,Face-Based,CPU,JuNe,128,gpu-nvidia-h200,228761600
LDC_N320,32768000,124093,Face-Based,CPU,JuNe,128,gpu-nvidia-h200,228761600
LDC_N320,32768000,1566294,Cell-Based,CPU,JuNe,128,gpu-nvidia-h200,228761600
LDC_N320,32768000,1451588,Cell-Based,CPU,JuNe,128,gpu-nvidia-h200,228761600
LDC_N320,32768000,1521927,Cell-Based,CPU,JuNe,128,gpu-nvidia-h200,228761600
LDC_N320,32768000,176748,Global Face-Based,CPU,JuNe,128,gpu-nvidia-h200,228761600
LDC_N320,32768000,181335,Global Face-Based,CPU,JuNe,128,gpu-nvidia-h200,228761600
LDC_N320,32768000,162219,Global Face-Based,CPU,JuNe,128,gpu-nvidia-h200,228761600
LDC_N320,32768000,816755,Face-Based,CPU,JuNe,8,gpu-nvidia-h100,228761600
LDC_N320,32768000,811288,Face-Based,CPU,JuNe,8,gpu-nvidia-h100,228761600
LDC_N320,32768000,876421,Face-Based,CPU,JuNe,8,gpu-nvidia-h100,228761600
LDC_N320,32768000,1788311,Cell-Based,CPU,JuNe,8,gpu-nvidia-h100,228761600
LDC_N320,32768000,2351490,Cell-Based,CPU,JuNe,8,gpu-nvidia-h100,228761600
LDC_N320,32768000,3071422,Cell-Based,CPU,JuNe,8,gpu-nvidia-h100,228761600
LDC_N320,32768000,945314,Global Face-Based,CPU,JuNe,8,gpu-nvidia-h100,228761600
LDC_N320,32768000,945835,Global Face-Based,CPU,JuNe,8,gpu-nvidia-h100,228761600
LDC_N320,32768000,1125962,Global Face-Based,CPU,JuNe,8,gpu-nvidia-h100,228761600
LDC_N320,32768000,465114,Face-Based,CPU,JuNe,16,gpu-nvidia-h100,228761600
LDC_N320,32768000,507029,Face-Based,CPU,JuNe,16,gpu-nvidia-h100,228761600
LDC_N320,32768000,474166,Face-Based,CPU,JuNe,16,gpu-nvidia-h100,228761600
LDC_N320,32768000,1848315,Cell-Based,CPU,JuNe,16,gpu-nvidia-h100,228761600
LDC_N320,32768000,1946754,Cell-Based,CPU,JuNe,16,gpu-nvidia-h100,228761600
LDC_N320,32768000,1855346,Cell-Based,CPU,JuNe,16,gpu-nvidia-h100,228761600
LDC_N320,32768000,565003,Global Face-Based,CPU,JuNe,16,gpu-nvidia-h100,228761600
LDC_N320,32768000,697341,Global Face-Based,CPU,JuNe,16,gpu-nvidia-h100,228761600
LDC_N320,32768000,721206,Global Face-Based,CPU,JuNe,16,gpu-nvidia-h100,228761600
LDC_N340,39304000,7665579,Face-Based,CPU,JuNe,1,gpu-nvidia-h200,274434400
LDC_N340,39304000,9509710,Face-Based,CPU,JuNe,1,gpu-nvidia-h200,274434400
LDC_N340,39304000,9336515,Face-Based,CPU,JuNe,1,gpu-nvidia-h200,274434400
LDC_N340,39304000,10042450,Cell-Based,CPU,JuNe,1,gpu-nvidia-h200,274434400
LDC_N340,39304000,7807274,Cell-Based,CPU,JuNe,1,gpu-nvidia-h200,274434400
LDC_N340,39304000,7740517,Cell-Based,CPU,JuNe,1,gpu-nvidia-h200,274434400
LDC_N340,39304000,8303890,Global Face-Based,CPU,JuNe,1,gpu-nvidia-h200,274434400
LDC_N340,39304000,8337271,Global Face-Based,CPU,JuNe,1,gpu-nvidia-h200,274434400
LDC_N340,39304000,8465811,Global Face-Based,CPU,JuNe,1,gpu-nvidia-h200,274434400
LDC_N320,32768000,268789,Face-Based,CPU,JuNe,32,gpu-nvidia-h100,228761600
LDC_N320,32768000,266138,Face-Based,CPU,JuNe,32,gpu-nvidia-h100,228761600
LDC_N320,32768000,241072,Face-Based,CPU,JuNe,32,gpu-nvidia-h100,228761600
LDC_N320,32768000,1637633,Cell-Based,CPU,JuNe,32,gpu-nvidia-h100,228761600
LDC_N320,32768000,1711687,Cell-Based,CPU,JuNe,32,gpu-nvidia-h100,228761600
LDC_N320,32768000,1824200,Cell-Based,CPU,JuNe,32,gpu-nvidia-h100,228761600
LDC_N320,32768000,365039,Global Face-Based,CPU,JuNe,32,gpu-nvidia-h100,228761600
LDC_N320,32768000,355663,Global Face-Based,CPU,JuNe,32,gpu-nvidia-h100,228761600
LDC_N320,32768000,437823,Global Face-Based,CPU,JuNe,32,gpu-nvidia-h100,228761600
LDC_N340,39304000,2034254,Face-Based,CPU,JuNe,2,gpu-nvidia-h200,274434400
LDC_N340,39304000,2034763,Face-Based,CPU,JuNe,2,gpu-nvidia-h200,274434400
LDC_N340,39304000,2036193,Face-Based,CPU,JuNe,2,gpu-nvidia-h200,274434400
LDC_N340,39304000,1496617,Cell-Based,CPU,JuNe,2,gpu-nvidia-h200,274434400
LDC_N340,39304000,1478338,Cell-Based,CPU,JuNe,2,gpu-nvidia-h200,274434400
LDC_N340,39304000,1507089,Cell-Based,CPU,JuNe,2,gpu-nvidia-h200,274434400
LDC_N340,39304000,2109932,Global Face-Based,CPU,JuNe,2,gpu-nvidia-h200,274434400
LDC_N340,39304000,2105569,Global Face-Based,CPU,JuNe,2,gpu-nvidia-h200,274434400
LDC_N340,39304000,2112273,Global Face-Based,CPU,JuNe,2,gpu-nvidia-h200,274434400
LDC_N320,32768000,168799,Face-Based,CPU,JuNe,64,gpu-nvidia-h100,228761600
LDC_N320,32768000,120824,Face-Based,CPU,JuNe,64,gpu-nvidia-h100,228761600
LDC_N320,32768000,169122,Face-Based,CPU,JuNe,64,gpu-nvidia-h100,228761600
LDC_N320,32768000,1367837,Cell-Based,CPU,JuNe,64,gpu-nvidia-h100,228761600
LDC_N320,32768000,1330669,Cell-Based,CPU,JuNe,64,gpu-nvidia-h100,228761600
LDC_N320,32768000,1475631,Cell-Based,CPU,JuNe,64,gpu-nvidia-h100,228761600
LDC_N320,32768000,265394,Global Face-Based,CPU,JuNe,64,gpu-nvidia-h100,228761600
LDC_N320,32768000,247949,Global Face-Based,CPU,JuNe,64,gpu-nvidia-h100,228761600
LDC_N320,32768000,297423,Global Face-Based,CPU,JuNe,64,gpu-nvidia-h100,228761600
LDC_N340,39304000,1099915,Face-Based,CPU,JuNe,4,gpu-nvidia-h200,274434400
LDC_N340,39304000,1103115,Face-Based,CPU,JuNe,4,gpu-nvidia-h200,274434400
LDC_N340,39304000,1096979,Face-Based,CPU,JuNe,4,gpu-nvidia-h200,274434400
LDC_N340,39304000,1558477,Cell-Based,CPU,JuNe,4,gpu-nvidia-h200,274434400
LDC_N340,39304000,1698201,Cell-Based,CPU,JuNe,4,gpu-nvidia-h200,274434400
LDC_N340,39304000,1875729,Cell-Based,CPU,JuNe,4,gpu-nvidia-h200,274434400
LDC_N340,39304000,1157972,Global Face-Based,CPU,JuNe,4,gpu-nvidia-h200,274434400
LDC_N340,39304000,1161140,Global Face-Based,CPU,JuNe,4,gpu-nvidia-h200,274434400
LDC_N340,39304000,1170445,Global Face-Based,CPU,JuNe,4,gpu-nvidia-h200,274434400
LDC_N320,32768000,155321,Face-Based,CPU,JuNe,128,gpu-nvidia-h100,228761600
LDC_N320,32768000,152570,Face-Based,CPU,JuNe,128,gpu-nvidia-h100,228761600
LDC_N320,32768000,161389,Face-Based,CPU,JuNe,128,gpu-nvidia-h100,228761600
LDC_N320,32768000,1536780,Cell-Based,CPU,JuNe,128,gpu-nvidia-h100,228761600
LDC_N320,32768000,1859425,Cell-Based,CPU,JuNe,128,gpu-nvidia-h100,228761600
LDC_N320,32768000,1871505,Cell-Based,CPU,JuNe,128,gpu-nvidia-h100,228761600
LDC_N320,32768000,286494,Global Face-Based,CPU,JuNe,128,gpu-nvidia-h100,228761600
LDC_N320,32768000,272157,Global Face-Based,CPU,JuNe,128,gpu-nvidia-h100,228761600
LDC_N320,32768000,325815,Global Face-Based,CPU,JuNe,128,gpu-nvidia-h100,228761600
LDC_N340,39304000,594683,Face-Based,CPU,JuNe,8,gpu-nvidia-h200,274434400
LDC_N340,39304000,605238,Face-Based,CPU,JuNe,8,gpu-nvidia-h200,274434400
LDC_N340,39304000,594264,Face-Based,CPU,JuNe,8,gpu-nvidia-h200,274434400
LDC_N340,39304000,940507,Cell-Based,CPU,JuNe,8,gpu-nvidia-h200,274434400
LDC_N340,39304000,974614,Cell-Based,CPU,JuNe,8,gpu-nvidia-h200,274434400
LDC_N340,39304000,951249,Cell-Based,CPU,JuNe,8,gpu-nvidia-h200,274434400
LDC_N340,39304000,662114,Global Face-Based,CPU,JuNe,8,gpu-nvidia-h200,274434400
LDC_N340,39304000,656764,Global Face-Based,CPU,JuNe,8,gpu-nvidia-h200,274434400
LDC_N340,39304000,665153,Global Face-Based,CPU,JuNe,8,gpu-nvidia-h200,274434400
LDC_N340,39304000,340225,Face-Based,CPU,JuNe,16,gpu-nvidia-h200,274434400
LDC_N340,39304000,327482,Face-Based,CPU,JuNe,16,gpu-nvidia-h200,274434400
LDC_N340,39304000,333438,Face-Based,CPU,JuNe,16,gpu-nvidia-h200,274434400
LDC_N340,39304000,779788,Cell-Based,CPU,JuNe,16,gpu-nvidia-h200,274434400
LDC_N340,39304000,779867,Cell-Based,CPU,JuNe,16,gpu-nvidia-h200,274434400
LDC_N340,39304000,737880,Cell-Based,CPU,JuNe,16,gpu-nvidia-h200,274434400
LDC_N340,39304000,368598,Global Face-Based,CPU,JuNe,16,gpu-nvidia-h200,274434400
LDC_N340,39304000,372541,Global Face-Based,CPU,JuNe,16,gpu-nvidia-h200,274434400
LDC_N340,39304000,373211,Global Face-Based,CPU,JuNe,16,gpu-nvidia-h200,274434400
LDC_N340,39304000,7048047,Face-Based,CPU,JuNe,1,gpu-nvidia-h100,274434400
LDC_N340,39304000,7039892,Face-Based,CPU,JuNe,1,gpu-nvidia-h100,274434400
LDC_N340,39304000,7059324,Face-Based,CPU,JuNe,1,gpu-nvidia-h100,274434400
LDC_N340,39304000,7586913,Cell-Based,CPU,JuNe,1,gpu-nvidia-h100,274434400
LDC_N340,39304000,7562761,Cell-Based,CPU,JuNe,1,gpu-nvidia-h100,274434400
LDC_N340,39304000,7564099,Cell-Based,CPU,JuNe,1,gpu-nvidia-h100,274434400
LDC_N340,39304000,6954167,Global Face-Based,CPU,JuNe,1,gpu-nvidia-h100,274434400
LDC_N340,39304000,6951078,Global Face-Based,CPU,JuNe,1,gpu-nvidia-h100,274434400
LDC_N340,39304000,6981203,Global Face-Based,CPU,JuNe,1,gpu-nvidia-h100,274434400
LDC_N340,39304000,218684,Face-Based,CPU,JuNe,32,gpu-nvidia-h200,274434400
LDC_N340,39304000,218743,Face-Based,CPU,JuNe,32,gpu-nvidia-h200,274434400
LDC_N340,39304000,222628,Face-Based,CPU,JuNe,32,gpu-nvidia-h200,274434400
LDC_N340,39304000,1283201,Cell-Based,CPU,JuNe,32,gpu-nvidia-h200,274434400
LDC_N340,39304000,1311496,Cell-Based,CPU,JuNe,32,gpu-nvidia-h200,274434400
LDC_N340,39304000,1372088,Cell-Based,CPU,JuNe,32,gpu-nvidia-h200,274434400
LDC_N340,39304000,250786,Global Face-Based,CPU,JuNe,32,gpu-nvidia-h200,274434400
LDC_N340,39304000,256463,Global Face-Based,CPU,JuNe,32,gpu-nvidia-h200,274434400
LDC_N340,39304000,255247,Global Face-Based,CPU,JuNe,32,gpu-nvidia-h200,274434400
LDC_N340,39304000,153546,Face-Based,CPU,JuNe,64,gpu-nvidia-h200,274434400
LDC_N340,39304000,146842,Face-Based,CPU,JuNe,64,gpu-nvidia-h200,274434400
LDC_N340,39304000,148805,Face-Based,CPU,JuNe,64,gpu-nvidia-h200,274434400
LDC_N340,39304000,1677205,Cell-Based,CPU,JuNe,64,gpu-nvidia-h200,274434400
LDC_N340,39304000,1913166,Cell-Based,CPU,JuNe,64,gpu-nvidia-h200,274434400
LDC_N340,39304000,1754670,Cell-Based,CPU,JuNe,64,gpu-nvidia-h200,274434400
LDC_N340,39304000,215287,Global Face-Based,CPU,JuNe,64,gpu-nvidia-h200,274434400
LDC_N340,39304000,199486,Global Face-Based,CPU,JuNe,64,gpu-nvidia-h200,274434400
LDC_N340,39304000,214883,Global Face-Based,CPU,JuNe,64,gpu-nvidia-h200,274434400
LDC_N340,39304000,3314986,Face-Based,CPU,JuNe,2,gpu-nvidia-h100,274434400
LDC_N340,39304000,3466339,Face-Based,CPU,JuNe,2,gpu-nvidia-h100,274434400
LDC_N340,39304000,2669757,Face-Based,CPU,JuNe,2,gpu-nvidia-h100,274434400
LDC_N340,39304000,2690629,Cell-Based,CPU,JuNe,2,gpu-nvidia-h100,274434400
LDC_N340,39304000,2385818,Cell-Based,CPU,JuNe,2,gpu-nvidia-h100,274434400
LDC_N340,39304000,3002232,Cell-Based,CPU,JuNe,2,gpu-nvidia-h100,274434400
LDC_N340,39304000,3431606,Global Face-Based,CPU,JuNe,2,gpu-nvidia-h100,274434400
LDC_N340,39304000,3349627,Global Face-Based,CPU,JuNe,2,gpu-nvidia-h100,274434400
LDC_N340,39304000,2697663,Global Face-Based,CPU,JuNe,2,gpu-nvidia-h100,274434400
LDC_N340,39304000,153712,Face-Based,CPU,JuNe,128,gpu-nvidia-h200,274434400
LDC_N340,39304000,163202,Face-Based,CPU,JuNe,128,gpu-nvidia-h200,274434400
LDC_N340,39304000,162590,Face-Based,CPU,JuNe,128,gpu-nvidia-h200,274434400
LDC_N340,39304000,1966402,Cell-Based,CPU,JuNe,128,gpu-nvidia-h200,274434400
LDC_N340,39304000,2164659,Cell-Based,CPU,JuNe,128,gpu-nvidia-h200,274434400
LDC_N340,39304000,2214658,Cell-Based,CPU,JuNe,128,gpu-nvidia-h200,274434400
LDC_N340,39304000,226092,Global Face-Based,CPU,JuNe,128,gpu-nvidia-h200,274434400
LDC_N340,39304000,233809,Global Face-Based,CPU,JuNe,128,gpu-nvidia-h200,274434400
LDC_N340,39304000,211894,Global Face-Based,CPU,JuNe,128,gpu-nvidia-h200,274434400
LDC_N340,39304000,1846139,Face-Based,CPU,JuNe,4,gpu-nvidia-h100,274434400
LDC_N340,39304000,1796433,Face-Based,CPU,JuNe,4,gpu-nvidia-h100,274434400
LDC_N340,39304000,1817900,Face-Based,CPU,JuNe,4,gpu-nvidia-h100,274434400
LDC_N340,39304000,2922294,Cell-Based,CPU,JuNe,4,gpu-nvidia-h100,274434400
LDC_N340,39304000,3038343,Cell-Based,CPU,JuNe,4,gpu-nvidia-h100,274434400
LDC_N340,39304000,3473694,Cell-Based,CPU,JuNe,4,gpu-nvidia-h100,274434400
LDC_N340,39304000,1929481,Global Face-Based,CPU,JuNe,4,gpu-nvidia-h100,274434400
LDC_N340,39304000,1933647,Global Face-Based,CPU,JuNe,4,gpu-nvidia-h100,274434400
LDC_N340,39304000,1971970,Global Face-Based,CPU,JuNe,4,gpu-nvidia-h100,274434400
LDC_N360,46656000,8689768,Face-Based,CPU,JuNe,1,gpu-nvidia-h200,325814400
LDC_N360,46656000,8679896,Face-Based,CPU,JuNe,1,gpu-nvidia-h200,325814400
LDC_N360,46656000,8686439,Face-Based,CPU,JuNe,1,gpu-nvidia-h200,325814400
LDC_N360,46656000,11925521,Cell-Based,CPU,JuNe,1,gpu-nvidia-h200,325814400
LDC_N360,46656000,11881788,Cell-Based,CPU,JuNe,1,gpu-nvidia-h200,325814400
LDC_N360,46656000,11816267,Cell-Based,CPU,JuNe,1,gpu-nvidia-h200,325814400
LDC_N360,46656000,9515052,Global Face-Based,CPU,JuNe,1,gpu-nvidia-h200,325814400
LDC_N360,46656000,9474298,Global Face-Based,CPU,JuNe,1,gpu-nvidia-h200,325814400
LDC_N360,46656000,9467823,Global Face-Based,CPU,JuNe,1,gpu-nvidia-h200,325814400
LDC_N340,39304000,998597,Face-Based,CPU,JuNe,8,gpu-nvidia-h100,274434400
LDC_N340,39304000,1005236,Face-Based,CPU,JuNe,8,gpu-nvidia-h100,274434400
LDC_N340,39304000,1044196,Face-Based,CPU,JuNe,8,gpu-nvidia-h100,274434400
LDC_N340,39304000,2216896,Cell-Based,CPU,JuNe,8,gpu-nvidia-h100,274434400
LDC_N340,39304000,2328023,Cell-Based,CPU,JuNe,8,gpu-nvidia-h100,274434400
LDC_N340,39304000,2028876,Cell-Based,CPU,JuNe,8,gpu-nvidia-h100,274434400
LDC_N340,39304000,1104956,Global Face-Based,CPU,JuNe,8,gpu-nvidia-h100,274434400
LDC_N340,39304000,1116951,Global Face-Based,CPU,JuNe,8,gpu-nvidia-h100,274434400
LDC_N340,39304000,1399290,Global Face-Based,CPU,JuNe,8,gpu-nvidia-h100,274434400
LDC_N360,46656000,2715411,Face-Based,CPU,JuNe,2,gpu-nvidia-h200,325814400
LDC_N360,46656000,2727087,Face-Based,CPU,JuNe,2,gpu-nvidia-h200,325814400
LDC_N360,46656000,2718025,Face-Based,CPU,JuNe,2,gpu-nvidia-h200,325814400
LDC_N360,46656000,1786753,Cell-Based,CPU,JuNe,2,gpu-nvidia-h200,325814400
LDC_N360,46656000,1765876,Cell-Based,CPU,JuNe,2,gpu-nvidia-h200,325814400
LDC_N360,46656000,1739100,Cell-Based,CPU,JuNe,2,gpu-nvidia-h200,325814400
LDC_N360,46656000,3052677,Global Face-Based,CPU,JuNe,2,gpu-nvidia-h200,325814400
LDC_N360,46656000,3047466,Global Face-Based,CPU,JuNe,2,gpu-nvidia-h200,325814400
LDC_N360,46656000,3057507,Global Face-Based,CPU,JuNe,2,gpu-nvidia-h200,325814400
LDC_N340,39304000,546207,Face-Based,CPU,JuNe,16,gpu-nvidia-h100,274434400
LDC_N340,39304000,558891,Face-Based,CPU,JuNe,16,gpu-nvidia-h100,274434400
LDC_N340,39304000,619341,Face-Based,CPU,JuNe,16,gpu-nvidia-h100,274434400
LDC_N340,39304000,2129917,Cell-Based,CPU,JuNe,16,gpu-nvidia-h100,274434400
LDC_N340,39304000,2198577,Cell-Based,CPU,JuNe,16,gpu-nvidia-h100,274434400
LDC_N340,39304000,2195741,Cell-Based,CPU,JuNe,16,gpu-nvidia-h100,274434400
LDC_N340,39304000,674870,Global Face-Based,CPU,JuNe,16,gpu-nvidia-h100,274434400
LDC_N340,39304000,815228,Global Face-Based,CPU,JuNe,16,gpu-nvidia-h100,274434400
LDC_N340,39304000,677814,Global Face-Based,CPU,JuNe,16,gpu-nvidia-h100,274434400
LDC_N360,46656000,1456305,Face-Based,CPU,JuNe,4,gpu-nvidia-h200,325814400
LDC_N360,46656000,1463872,Face-Based,CPU,JuNe,4,gpu-nvidia-h200,325814400
LDC_N360,46656000,1462771,Face-Based,CPU,JuNe,4,gpu-nvidia-h200,325814400
LDC_N360,46656000,1750501,Cell-Based,CPU,JuNe,4,gpu-nvidia-h200,325814400
LDC_N360,46656000,1749391,Cell-Based,CPU,JuNe,4,gpu-nvidia-h200,325814400
LDC_N360,46656000,1742942,Cell-Based,CPU,JuNe,4,gpu-nvidia-h200,325814400
LDC_N360,46656000,1681057,Global Face-Based,CPU,JuNe,4,gpu-nvidia-h200,325814400
LDC_N360,46656000,1693888,Global Face-Based,CPU,JuNe,4,gpu-nvidia-h200,325814400
LDC_N360,46656000,1685079,Global Face-Based,CPU,JuNe,4,gpu-nvidia-h200,325814400
LDC_N340,39304000,302196,Face-Based,CPU,JuNe,32,gpu-nvidia-h100,274434400
LDC_N340,39304000,324364,Face-Based,CPU,JuNe,32,gpu-nvidia-h100,274434400
LDC_N340,39304000,293796,Face-Based,CPU,JuNe,32,gpu-nvidia-h100,274434400
LDC_N340,39304000,1992076,Cell-Based,CPU,JuNe,32,gpu-nvidia-h100,274434400
LDC_N340,39304000,1926271,Cell-Based,CPU,JuNe,32,gpu-nvidia-h100,274434400
LDC_N340,39304000,1904303,Cell-Based,CPU,JuNe,32,gpu-nvidia-h100,274434400
LDC_N340,39304000,398950,Global Face-Based,CPU,JuNe,32,gpu-nvidia-h100,274434400
LDC_N340,39304000,453193,Global Face-Based,CPU,JuNe,32,gpu-nvidia-h100,274434400
LDC_N340,39304000,517582,Global Face-Based,CPU,JuNe,32,gpu-nvidia-h100,274434400
LDC_N360,46656000,692854,Face-Based,CPU,JuNe,8,gpu-nvidia-h200,325814400
LDC_N360,46656000,710186,Face-Based,CPU,JuNe,8,gpu-nvidia-h200,325814400
LDC_N360,46656000,713092,Face-Based,CPU,JuNe,8,gpu-nvidia-h200,325814400
LDC_N360,46656000,1219614,Cell-Based,CPU,JuNe,8,gpu-nvidia-h200,325814400
LDC_N360,46656000,1145094,Cell-Based,CPU,JuNe,8,gpu-nvidia-h200,325814400
LDC_N360,46656000,1156629,Cell-Based,CPU,JuNe,8,gpu-nvidia-h200,325814400
LDC_N360,46656000,780772,Global Face-Based,CPU,JuNe,8,gpu-nvidia-h200,325814400
LDC_N360,46656000,790370,Global Face-Based,CPU,JuNe,8,gpu-nvidia-h200,325814400
LDC_N360,46656000,786908,Global Face-Based,CPU,JuNe,8,gpu-nvidia-h200,325814400
LDC_N340,39304000,198078,Face-Based,CPU,JuNe,64,gpu-nvidia-h100,274434400
LDC_N340,39304000,227127,Face-Based,CPU,JuNe,64,gpu-nvidia-h100,274434400
LDC_N340,39304000,186181,Face-Based,CPU,JuNe,64,gpu-nvidia-h100,274434400
LDC_N340,39304000,1324225,Cell-Based,CPU,JuNe,64,gpu-nvidia-h100,274434400
LDC_N340,39304000,1608757,Cell-Based,CPU,JuNe,64,gpu-nvidia-h100,274434400
LDC_N340,39304000,1452132,Cell-Based,CPU,JuNe,64,gpu-nvidia-h100,274434400
LDC_N340,39304000,289159,Global Face-Based,CPU,JuNe,64,gpu-nvidia-h100,274434400
LDC_N340,39304000,292776,Global Face-Based,CPU,JuNe,64,gpu-nvidia-h100,274434400
LDC_N340,39304000,330269,Global Face-Based,CPU,JuNe,64,gpu-nvidia-h100,274434400
LDC_N360,46656000,411502,Face-Based,CPU,JuNe,16,gpu-nvidia-h200,325814400
LDC_N360,46656000,399399,Face-Based,CPU,JuNe,16,gpu-nvidia-h200,325814400
LDC_N360,46656000,390195,Face-Based,CPU,JuNe,16,gpu-nvidia-h200,325814400
LDC_N360,46656000,1254294,Cell-Based,CPU,JuNe,16,gpu-nvidia-h200,325814400
LDC_N360,46656000,1259870,Cell-Based,CPU,JuNe,16,gpu-nvidia-h200,325814400
LDC_N360,46656000,1220298,Cell-Based,CPU,JuNe,16,gpu-nvidia-h200,325814400
LDC_N360,46656000,454084,Global Face-Based,CPU,JuNe,16,gpu-nvidia-h200,325814400
LDC_N360,46656000,474277,Global Face-Based,CPU,JuNe,16,gpu-nvidia-h200,325814400
LDC_N360,46656000,477011,Global Face-Based,CPU,JuNe,16,gpu-nvidia-h200,325814400
LDC_N340,39304000,198304,Face-Based,CPU,JuNe,128,gpu-nvidia-h100,274434400
LDC_N340,39304000,196920,Face-Based,CPU,JuNe,128,gpu-nvidia-h100,274434400
LDC_N340,39304000,213241,Face-Based,CPU,JuNe,128,gpu-nvidia-h100,274434400
LDC_N340,39304000,1816706,Cell-Based,CPU,JuNe,128,gpu-nvidia-h100,274434400
LDC_N340,39304000,1645067,Cell-Based,CPU,JuNe,128,gpu-nvidia-h100,274434400
LDC_N340,39304000,1402011,Cell-Based,CPU,JuNe,128,gpu-nvidia-h100,274434400
LDC_N340,39304000,309088,Global Face-Based,CPU,JuNe,128,gpu-nvidia-h100,274434400
LDC_N340,39304000,360762,Global Face-Based,CPU,JuNe,128,gpu-nvidia-h100,274434400
LDC_N340,39304000,355434,Global Face-Based,CPU,JuNe,128,gpu-nvidia-h100,274434400
LDC_N360,46656000,224713,Face-Based,CPU,JuNe,32,gpu-nvidia-h200,325814400
LDC_N360,46656000,240267,Face-Based,CPU,JuNe,32,gpu-nvidia-h200,325814400
LDC_N360,46656000,245108,Face-Based,CPU,JuNe,32,gpu-nvidia-h200,325814400
LDC_N360,46656000,1400519,Cell-Based,CPU,JuNe,32,gpu-nvidia-h200,325814400
LDC_N360,46656000,1560520,Cell-Based,CPU,JuNe,32,gpu-nvidia-h200,325814400
LDC_N360,46656000,1537014,Cell-Based,CPU,JuNe,32,gpu-nvidia-h200,325814400
LDC_N360,46656000,321908,Global Face-Based,CPU,JuNe,32,gpu-nvidia-h200,325814400
LDC_N360,46656000,296688,Global Face-Based,CPU,JuNe,32,gpu-nvidia-h200,325814400
LDC_N360,46656000,310956,Global Face-Based,CPU,JuNe,32,gpu-nvidia-h200,325814400
LDC_N360,46656000,168201,Face-Based,CPU,JuNe,64,gpu-nvidia-h200,325814400
LDC_N360,46656000,174834,Face-Based,CPU,JuNe,64,gpu-nvidia-h200,325814400
LDC_N360,46656000,172364,Face-Based,CPU,JuNe,64,gpu-nvidia-h200,325814400
LDC_N360,46656000,1872911,Cell-Based,CPU,JuNe,64,gpu-nvidia-h200,325814400
LDC_N360,46656000,1876531,Cell-Based,CPU,JuNe,64,gpu-nvidia-h200,325814400
LDC_N360,46656000,1912202,Cell-Based,CPU,JuNe,64,gpu-nvidia-h200,325814400
LDC_N360,46656000,233740,Global Face-Based,CPU,JuNe,64,gpu-nvidia-h200,325814400
LDC_N360,46656000,245342,Global Face-Based,CPU,JuNe,64,gpu-nvidia-h200,325814400
LDC_N360,46656000,243454,Global Face-Based,CPU,JuNe,64,gpu-nvidia-h200,325814400
LDC_N360,46656000,8206067,Face-Based,CPU,JuNe,1,gpu-nvidia-h100,325814400
LDC_N360,46656000,8210406,Face-Based,CPU,JuNe,1,gpu-nvidia-h100,325814400
LDC_N360,46656000,8188574,Face-Based,CPU,JuNe,1,gpu-nvidia-h100,325814400
LDC_N360,46656000,9018094,Cell-Based,CPU,JuNe,1,gpu-nvidia-h100,325814400
LDC_N360,46656000,9045510,Cell-Based,CPU,JuNe,1,gpu-nvidia-h100,325814400
LDC_N360,46656000,9018634,Cell-Based,CPU,JuNe,1,gpu-nvidia-h100,325814400
LDC_N360,46656000,8199763,Global Face-Based,CPU,JuNe,1,gpu-nvidia-h100,325814400
LDC_N360,46656000,8236484,Global Face-Based,CPU,JuNe,1,gpu-nvidia-h100,325814400
LDC_N360,46656000,8193834,Global Face-Based,CPU,JuNe,1,gpu-nvidia-h100,325814400
LDC_N360,46656000,172313,Face-Based,CPU,JuNe,128,gpu-nvidia-h200,325814400
LDC_N360,46656000,188606,Face-Based,CPU,JuNe,128,gpu-nvidia-h200,325814400
LDC_N360,46656000,186604,Face-Based,CPU,JuNe,128,gpu-nvidia-h200,325814400
LDC_N360,46656000,2350334,Cell-Based,CPU,JuNe,128,gpu-nvidia-h200,325814400
LDC_N360,46656000,2419285,Cell-Based,CPU,JuNe,128,gpu-nvidia-h200,325814400
LDC_N360,46656000,2663280,Cell-Based,CPU,JuNe,128,gpu-nvidia-h200,325814400
LDC_N360,46656000,232462,Global Face-Based,CPU,JuNe,128,gpu-nvidia-h200,325814400
LDC_N360,46656000,286802,Global Face-Based,CPU,JuNe,128,gpu-nvidia-h200,325814400
LDC_N360,46656000,246730,Global Face-Based,CPU,JuNe,128,gpu-nvidia-h200,325814400
LDC_N360,46656000,2969320,Face-Based,CPU,JuNe,2,gpu-nvidia-h100,325814400
LDC_N360,46656000,4027092,Face-Based,CPU,JuNe,2,gpu-nvidia-h100,325814400
LDC_N360,46656000,4017717,Face-Based,CPU,JuNe,2,gpu-nvidia-h100,325814400
LDC_N360,46656000,3366831,Cell-Based,CPU,JuNe,2,gpu-nvidia-h100,325814400
LDC_N360,46656000,3565762,Cell-Based,CPU,JuNe,2,gpu-nvidia-h100,325814400
LDC_N360,46656000,3756301,Cell-Based,CPU,JuNe,2,gpu-nvidia-h100,325814400
LDC_N360,46656000,3096201,Global Face-Based,CPU,JuNe,2,gpu-nvidia-h100,325814400
LDC_N360,46656000,4227074,Global Face-Based,CPU,JuNe,2,gpu-nvidia-h100,325814400
LDC_N360,46656000,4221165,Global Face-Based,CPU,JuNe,2,gpu-nvidia-h100,325814400
LDC_N380,54872000,9552174,Face-Based,CPU,JuNe,1,gpu-nvidia-h200,383237600
LDC_N380,54872000,9514603,Face-Based,CPU,JuNe,1,gpu-nvidia-h200,383237600
LDC_N380,54872000,9518407,Face-Based,CPU,JuNe,1,gpu-nvidia-h200,383237600
LDC_N380,54872000,13927405,Cell-Based,CPU,JuNe,1,gpu-nvidia-h200,383237600
LDC_N380,54872000,14056902,Cell-Based,CPU,JuNe,1,gpu-nvidia-h200,383237600
LDC_N380,54872000,13955592,Cell-Based,CPU,JuNe,1,gpu-nvidia-h200,383237600
LDC_N380,54872000,10178595,Global Face-Based,CPU,JuNe,1,gpu-nvidia-h200,383237600
LDC_N380,54872000,10185453,Global Face-Based,CPU,JuNe,1,gpu-nvidia-h200,383237600
LDC_N380,54872000,10192469,Global Face-Based,CPU,JuNe,1,gpu-nvidia-h200,383237600
LDC_N360,46656000,2162466,Face-Based,CPU,JuNe,4,gpu-nvidia-h100,325814400
LDC_N360,46656000,2186452,Face-Based,CPU,JuNe,4,gpu-nvidia-h100,325814400
LDC_N360,46656000,2418874,Face-Based,CPU,JuNe,4,gpu-nvidia-h100,325814400
LDC_N360,46656000,3221924,Cell-Based,CPU,JuNe,4,gpu-nvidia-h100,325814400
LDC_N360,46656000,4569804,Cell-Based,CPU,JuNe,4,gpu-nvidia-h100,325814400
LDC_N360,46656000,5141254,Cell-Based,CPU,JuNe,4,gpu-nvidia-h100,325814400
LDC_N360,46656000,2224549,Global Face-Based,CPU,JuNe,4,gpu-nvidia-h100,325814400
LDC_N360,46656000,2589047,Global Face-Based,CPU,JuNe,4,gpu-nvidia-h100,325814400
LDC_N360,46656000,2661720,Global Face-Based,CPU,JuNe,4,gpu-nvidia-h100,325814400
LDC_N380,54872000,3126542,Face-Based,CPU,JuNe,2,gpu-nvidia-h200,383237600
LDC_N380,54872000,3124374,Face-Based,CPU,JuNe,2,gpu-nvidia-h200,383237600
LDC_N380,54872000,3128147,Face-Based,CPU,JuNe,2,gpu-nvidia-h200,383237600
LDC_N380,54872000,3454451,Cell-Based,CPU,JuNe,2,gpu-nvidia-h200,383237600
LDC_N380,54872000,3809616,Cell-Based,CPU,JuNe,2,gpu-nvidia-h200,383237600
LDC_N380,54872000,3414859,Cell-Based,CPU,JuNe,2,gpu-nvidia-h200,383237600
LDC_N380,54872000,3523719,Global Face-Based,CPU,JuNe,2,gpu-nvidia-h200,383237600
LDC_N380,54872000,3534536,Global Face-Based,CPU,JuNe,2,gpu-nvidia-h200,383237600
LDC_N380,54872000,3518571,Global Face-Based,CPU,JuNe,2,gpu-nvidia-h200,383237600
LDC_N360,46656000,1159174,Face-Based,CPU,JuNe,8,gpu-nvidia-h100,325814400
LDC_N360,46656000,1141190,Face-Based,CPU,JuNe,8,gpu-nvidia-h100,325814400
LDC_N360,46656000,1149213,Face-Based,CPU,JuNe,8,gpu-nvidia-h100,325814400
LDC_N360,46656000,2284226,Cell-Based,CPU,JuNe,8,gpu-nvidia-h100,325814400
LDC_N360,46656000,2325942,Cell-Based,CPU,JuNe,8,gpu-nvidia-h100,325814400
LDC_N360,46656000,2210281,Cell-Based,CPU,JuNe,8,gpu-nvidia-h100,325814400
LDC_N360,46656000,1276283,Global Face-Based,CPU,JuNe,8,gpu-nvidia-h100,325814400
LDC_N360,46656000,1290959,Global Face-Based,CPU,JuNe,8,gpu-nvidia-h100,325814400
LDC_N360,46656000,1310742,Global Face-Based,CPU,JuNe,8,gpu-nvidia-h100,325814400
LDC_N380,54872000,1574142,Face-Based,CPU,JuNe,4,gpu-nvidia-h200,383237600
LDC_N380,54872000,1740068,Global Face-Based,CPU,JuNe,4,gpu-nvidia-h200,383237600
LDC_N360,46656000,632083,Face-Based,CPU,JuNe,16,gpu-nvidia-h100,325814400
LDC_N360,46656000,693672,Face-Based,CPU,JuNe,16,gpu-nvidia-h100,325814400
LDC_N360,46656000,676190,Face-Based,CPU,JuNe,16,gpu-nvidia-h100,325814400
LDC_N360,46656000,2284038,Cell-Based,CPU,JuNe,16,gpu-nvidia-h100,325814400
LDC_N360,46656000,2488343,Cell-Based,CPU,JuNe,16,gpu-nvidia-h100,325814400
LDC_N360,46656000,2464758,Cell-Based,CPU,JuNe,16,gpu-nvidia-h100,325814400
LDC_N360,46656000,738994,Global Face-Based,CPU,JuNe,16,gpu-nvidia-h100,325814400
LDC_N360,46656000,1035050,Global Face-Based,CPU,JuNe,16,gpu-nvidia-h100,325814400
LDC_N360,46656000,1025392,Global Face-Based,CPU,JuNe,16,gpu-nvidia-h100,325814400
LDC_N380,54872000,843191,Face-Based,CPU,JuNe,8,gpu-nvidia-h200,383237600
LDC_N380,54872000,857554,Face-Based,CPU,JuNe,8,gpu-nvidia-h200,383237600
LDC_N380,54872000,842933,Face-Based,CPU,JuNe,8,gpu-nvidia-h200,383237600
LDC_N380,54872000,1320937,Cell-Based,CPU,JuNe,8,gpu-nvidia-h200,383237600
LDC_N380,54872000,1326689,Cell-Based,CPU,JuNe,8,gpu-nvidia-h200,383237600
LDC_N380,54872000,1345086,Cell-Based,CPU,JuNe,8,gpu-nvidia-h200,383237600
LDC_N380,54872000,986474,Global Face-Based,CPU,JuNe,8,gpu-nvidia-h200,383237600
LDC_N380,54872000,990232,Global Face-Based,CPU,JuNe,8,gpu-nvidia-h200,383237600
LDC_N380,54872000,978065,Global Face-Based,CPU,JuNe,8,gpu-nvidia-h200,383237600
LDC_N360,46656000,326767,Face-Based,CPU,JuNe,32,gpu-nvidia-h100,325814400
LDC_N360,46656000,390435,Face-Based,CPU,JuNe,32,gpu-nvidia-h100,325814400
LDC_N360,46656000,377005,Face-Based,CPU,JuNe,32,gpu-nvidia-h100,325814400
LDC_N360,46656000,2299168,Cell-Based,CPU,JuNe,32,gpu-nvidia-h100,325814400
LDC_N360,46656000,2245217,Cell-Based,CPU,JuNe,32,gpu-nvidia-h100,325814400
LDC_N360,46656000,2233380,Cell-Based,CPU,JuNe,32,gpu-nvidia-h100,325814400
LDC_N360,46656000,472639,Global Face-Based,CPU,JuNe,32,gpu-nvidia-h100,325814400
LDC_N360,46656000,509276,Global Face-Based,CPU,JuNe,32,gpu-nvidia-h100,325814400
LDC_N360,46656000,493650,Global Face-Based,CPU,JuNe,32,gpu-nvidia-h100,325814400
LDC_N380,54872000,495115,Face-Based,CPU,JuNe,16,gpu-nvidia-h200,383237600
LDC_N380,54872000,510637,Face-Based,CPU,JuNe,16,gpu-nvidia-h200,383237600
LDC_N380,54872000,495416,Face-Based,CPU,JuNe,16,gpu-nvidia-h200,383237600
LDC_N380,54872000,1347083,Cell-Based,CPU,JuNe,16,gpu-nvidia-h200,383237600
LDC_N380,54872000,1367245,Cell-Based,CPU,JuNe,16,gpu-nvidia-h200,383237600
LDC_N380,54872000,1361775,Cell-Based,CPU,JuNe,16,gpu-nvidia-h200,383237600
LDC_N380,54872000,615785,Global Face-Based,CPU,JuNe,16,gpu-nvidia-h200,383237600
LDC_N380,54872000,621914,Global Face-Based,CPU,JuNe,16,gpu-nvidia-h200,383237600
LDC_N380,54872000,597070,Global Face-Based,CPU,JuNe,16,gpu-nvidia-h200,383237600
LDC_N360,46656000,191029,Face-Based,CPU,JuNe,64,gpu-nvidia-h100,325814400
LDC_N360,46656000,196507,Face-Based,CPU,JuNe,64,gpu-nvidia-h100,325814400
LDC_N360,46656000,223517,Face-Based,CPU,JuNe,64,gpu-nvidia-h100,325814400
LDC_N360,46656000,2547410,Cell-Based,CPU,JuNe,64,gpu-nvidia-h100,325814400
LDC_N360,46656000,2795142,Cell-Based,CPU,JuNe,64,gpu-nvidia-h100,325814400
LDC_N360,46656000,2527750,Cell-Based,CPU,JuNe,64,gpu-nvidia-h100,325814400
LDC_N360,46656000,322938,Global Face-Based,CPU,JuNe,64,gpu-nvidia-h100,325814400
LDC_N360,46656000,400369,Global Face-Based,CPU,JuNe,64,gpu-nvidia-h100,325814400
LDC_N360,46656000,365670,Global Face-Based,CPU,JuNe,64,gpu-nvidia-h100,325814400
LDC_N380,54872000,310361,Face-Based,CPU,JuNe,32,gpu-nvidia-h200,383237600
LDC_N380,54872000,311922,Face-Based,CPU,JuNe,32,gpu-nvidia-h200,383237600
LDC_N380,54872000,298238,Face-Based,CPU,JuNe,32,gpu-nvidia-h200,383237600
LDC_N380,54872000,1755910,Cell-Based,CPU,JuNe,32,gpu-nvidia-h200,383237600
LDC_N380,54872000,1788255,Cell-Based,CPU,JuNe,32,gpu-nvidia-h200,383237600
LDC_N380,54872000,1779745,Cell-Based,CPU,JuNe,32,gpu-nvidia-h200,383237600
LDC_N380,54872000,366589,Global Face-Based,CPU,JuNe,32,gpu-nvidia-h200,383237600
LDC_N380,54872000,368870,Global Face-Based,CPU,JuNe,32,gpu-nvidia-h200,383237600
LDC_N380,54872000,378008,Global Face-Based,CPU,JuNe,32,gpu-nvidia-h200,383237600
LDC_N360,46656000,183488,Face-Based,CPU,JuNe,128,gpu-nvidia-h100,325814400
LDC_N360,46656000,171963,Face-Based,CPU,JuNe,128,gpu-nvidia-h100,325814400
LDC_N360,46656000,205658,Face-Based,CPU,JuNe,128,gpu-nvidia-h100,325814400
LDC_N360,46656000,1749736,Cell-Based,CPU,JuNe,128,gpu-nvidia-h100,325814400
LDC_N360,46656000,1983350,Cell-Based,CPU,JuNe,128,gpu-nvidia-h100,325814400
LDC_N360,46656000,1906477,Cell-Based,CPU,JuNe,128,gpu-nvidia-h100,325814400
LDC_N360,46656000,373104,Global Face-Based,CPU,JuNe,128,gpu-nvidia-h100,325814400
LDC_N360,46656000,405138,Global Face-Based,CPU,JuNe,128,gpu-nvidia-h100,325814400
LDC_N360,46656000,385001,Global Face-Based,CPU,JuNe,128,gpu-nvidia-h100,325814400
LDC_N380,54872000,222020,Face-Based,CPU,JuNe,64,gpu-nvidia-h200,383237600
LDC_N380,54872000,230219,Face-Based,CPU,JuNe,64,gpu-nvidia-h200,383237600
LDC_N380,54872000,233220,Face-Based,CPU,JuNe,64,gpu-nvidia-h200,383237600
LDC_N380,54872000,2083730,Cell-Based,CPU,JuNe,64,gpu-nvidia-h200,383237600
LDC_N380,54872000,2228004,Cell-Based,CPU,JuNe,64,gpu-nvidia-h200,383237600
LDC_N380,54872000,2315208,Cell-Based,CPU,JuNe,64,gpu-nvidia-h200,383237600
LDC_N380,54872000,293584,Global Face-Based,CPU,JuNe,64,gpu-nvidia-h200,383237600
LDC_N380,54872000,292232,Global Face-Based,CPU,JuNe,64,gpu-nvidia-h200,383237600
LDC_N380,54872000,299785,Global Face-Based,CPU,JuNe,64,gpu-nvidia-h200,383237600
LDC_N380,54872000,198928,Face-Based,CPU,JuNe,128,gpu-nvidia-h200,383237600
LDC_N380,54872000,218513,Face-Based,CPU,JuNe,128,gpu-nvidia-h200,383237600
LDC_N380,54872000,243447,Face-Based,CPU,JuNe,128,gpu-nvidia-h200,383237600
LDC_N380,54872000,2542900,Cell-Based,CPU,JuNe,128,gpu-nvidia-h200,383237600
LDC_N380,54872000,2831719,Cell-Based,CPU,JuNe,128,gpu-nvidia-h200,383237600
LDC_N380,54872000,2953231,Cell-Based,CPU,JuNe,128,gpu-nvidia-h200,383237600
LDC_N380,54872000,299480,Global Face-Based,CPU,JuNe,128,gpu-nvidia-h200,383237600
LDC_N380,54872000,296400,Global Face-Based,CPU,JuNe,128,gpu-nvidia-h200,383237600
LDC_N380,54872000,298246,Global Face-Based,CPU,JuNe,128,gpu-nvidia-h200,383237600
LDC_N380,54872000,9672453,Face-Based,CPU,JuNe,1,gpu-nvidia-h100,383237600
LDC_N380,54872000,9683067,Face-Based,CPU,JuNe,1,gpu-nvidia-h100,383237600
LDC_N380,54872000,9691689,Face-Based,CPU,JuNe,1,gpu-nvidia-h100,383237600
LDC_N380,54872000,10606407,Cell-Based,CPU,JuNe,1,gpu-nvidia-h100,383237600
LDC_N380,54872000,10544787,Cell-Based,CPU,JuNe,1,gpu-nvidia-h100,383237600
LDC_N380,54872000,10614066,Cell-Based,CPU,JuNe,1,gpu-nvidia-h100,383237600
LDC_N380,54872000,9576656,Global Face-Based,CPU,JuNe,1,gpu-nvidia-h100,383237600
LDC_N380,54872000,9636312,Global Face-Based,CPU,JuNe,1,gpu-nvidia-h100,383237600
LDC_N380,54872000,9628782,Global Face-Based,CPU,JuNe,1,gpu-nvidia-h100,383237600
LDC_N380,54872000,3680156,Face-Based,CPU,JuNe,2,gpu-nvidia-h100,383237600
LDC_N380,54872000,4752206,Face-Based,CPU,JuNe,2,gpu-nvidia-h100,383237600
LDC_N380,54872000,4846195,Face-Based,CPU,JuNe,2,gpu-nvidia-h100,383237600
LDC_N380,54872000,4155311,Cell-Based,CPU,JuNe,2,gpu-nvidia-h100,383237600
LDC_N380,54872000,4240673,Cell-Based,CPU,JuNe,2,gpu-nvidia-h100,383237600
LDC_N380,54872000,4107972,Cell-Based,CPU,JuNe,2,gpu-nvidia-h100,383237600
LDC_N380,54872000,3829862,Global Face-Based,CPU,JuNe,2,gpu-nvidia-h100,383237600
LDC_N380,54872000,4943156,Global Face-Based,CPU,JuNe,2,gpu-nvidia-h100,383237600
LDC_N380,54872000,4745760,Global Face-Based,CPU,JuNe,2,gpu-nvidia-h100,383237600
LDC_N380,54872000,2446406,Face-Based,CPU,JuNe,4,gpu-nvidia-h100,383237600
LDC_N380,54872000,2434448,Face-Based,CPU,JuNe,4,gpu-nvidia-h100,383237600
LDC_N380,54872000,2541809,Face-Based,CPU,JuNe,4,gpu-nvidia-h100,383237600
LDC_N380,54872000,3809496,Cell-Based,CPU,JuNe,4,gpu-nvidia-h100,383237600
LDC_N380,54872000,3733314,Cell-Based,CPU,JuNe,4,gpu-nvidia-h100,383237600
LDC_N380,54872000,4618340,Cell-Based,CPU,JuNe,4,gpu-nvidia-h100,383237600
LDC_N380,54872000,2764423,Global Face-Based,CPU,JuNe,4,gpu-nvidia-h100,383237600
LDC_N380,54872000,2600711,Global Face-Based,CPU,JuNe,4,gpu-nvidia-h100,383237600
LDC_N380,54872000,2613206,Global Face-Based,CPU,JuNe,4,gpu-nvidia-h100,383237600
LDC_N380,54872000,1356522,Face-Based,CPU,JuNe,8,gpu-nvidia-h100,383237600
LDC_N380,54872000,1468014,Face-Based,CPU,JuNe,8,gpu-nvidia-h100,383237600
LDC_N380,54872000,1353868,Face-Based,CPU,JuNe,8,gpu-nvidia-h100,383237600
LDC_N380,54872000,2684631,Cell-Based,CPU,JuNe,8,gpu-nvidia-h100,383237600
LDC_N380,54872000,3799222,Cell-Based,CPU,JuNe,8,gpu-nvidia-h100,383237600
LDC_N380,54872000,3493454,Cell-Based,CPU,JuNe,8,gpu-nvidia-h100,383237600
LDC_N380,54872000,1506774,Global Face-Based,CPU,JuNe,8,gpu-nvidia-h100,383237600
LDC_N380,54872000,1864769,Global Face-Based,CPU,JuNe,8,gpu-nvidia-h100,383237600
LDC_N380,54872000,1905812,Global Face-Based,CPU,JuNe,8,gpu-nvidia-h100,383237600
LDC_N380,54872000,751001,Face-Based,CPU,JuNe,16,gpu-nvidia-h100,383237600
LDC_N380,54872000,778660,Face-Based,CPU,JuNe,16,gpu-nvidia-h100,383237600
LDC_N380,54872000,741206,Face-Based,CPU,JuNe,16,gpu-nvidia-h100,383237600
LDC_N380,54872000,2371463,Cell-Based,CPU,JuNe,16,gpu-nvidia-h100,383237600
LDC_N380,54872000,2679101,Cell-Based,CPU,JuNe,16,gpu-nvidia-h100,383237600
LDC_N380,54872000,2707225,Cell-Based,CPU,JuNe,16,gpu-nvidia-h100,383237600
LDC_N380,54872000,925791,Global Face-Based,CPU,JuNe,16,gpu-nvidia-h100,383237600
LDC_N380,54872000,1153525,Global Face-Based,CPU,JuNe,16,gpu-nvidia-h100,383237600
LDC_N380,54872000,1142424,Global Face-Based,CPU,JuNe,16,gpu-nvidia-h100,383237600
LDC_N380,54872000,381333,Face-Based,CPU,JuNe,32,gpu-nvidia-h100,383237600
LDC_N380,54872000,399869,Face-Based,CPU,JuNe,32,gpu-nvidia-h100,383237600
LDC_N380,54872000,419408,Face-Based,CPU,JuNe,32,gpu-nvidia-h100,383237600
LDC_N380,54872000,2162693,Cell-Based,CPU,JuNe,32,gpu-nvidia-h100,383237600
LDC_N380,54872000,2303204,Cell-Based,CPU,JuNe,32,gpu-nvidia-h100,383237600
LDC_N380,54872000,2364939,Cell-Based,CPU,JuNe,32,gpu-nvidia-h100,383237600
LDC_N380,54872000,596762,Global Face-Based,CPU,JuNe,32,gpu-nvidia-h100,383237600
LDC_N380,54872000,654377,Global Face-Based,CPU,JuNe,32,gpu-nvidia-h100,383237600
LDC_N380,54872000,713829,Global Face-Based,CPU,JuNe,32,gpu-nvidia-h100,383237600
LDC_N380,54872000,219010,Face-Based,CPU,JuNe,64,gpu-nvidia-h100,383237600
LDC_N380,54872000,218037,Face-Based,CPU,JuNe,64,gpu-nvidia-h100,383237600
LDC_N380,54872000,243499,Face-Based,CPU,JuNe,64,gpu-nvidia-h100,383237600
LDC_N380,54872000,3016546,Cell-Based,CPU,JuNe,64,gpu-nvidia-h100,383237600
LDC_N380,54872000,3333200,Cell-Based,CPU,JuNe,64,gpu-nvidia-h100,383237600
LDC_N380,54872000,3070175,Cell-Based,CPU,JuNe,64,gpu-nvidia-h100,383237600
LDC_N380,54872000,370403,Global Face-Based,CPU,JuNe,64,gpu-nvidia-h100,383237600
LDC_N380,54872000,408837,Global Face-Based,CPU,JuNe,64,gpu-nvidia-h100,383237600
LDC_N380,54872000,404916,Global Face-Based,CPU,JuNe,64,gpu-nvidia-h100,383237600
LDC_N380,54872000,216822,Face-Based,CPU,JuNe,128,gpu-nvidia-h100,383237600
LDC_N380,54872000,238376,Face-Based,CPU,JuNe,128,gpu-nvidia-h100,383237600
LDC_N380,54872000,257623,Face-Based,CPU,JuNe,128,gpu-nvidia-h100,383237600
LDC_N380,54872000,2595429,Cell-Based,CPU,JuNe,128,gpu-nvidia-h100,383237600
LDC_N380,54872000,2824804,Cell-Based,CPU,JuNe,128,gpu-nvidia-h100,383237600
LDC_N380,54872000,2603610,Cell-Based,CPU,JuNe,128,gpu-nvidia-h100,383237600
LDC_N380,54872000,424325,Global Face-Based,CPU,JuNe,128,gpu-nvidia-h100,383237600
LDC_N380,54872000,440013,Global Face-Based,CPU,JuNe,128,gpu-nvidia-h100,383237600
LDC_N380,54872000,430080,Global Face-Based,CPU,JuNe,128,gpu-nvidia-h100,383237600
