cells,cell_dim,strategy,write_bandwidth_gbs,read_bandwidth_gbs,total_bandwidth_gbs,arithmetic_intensity_flop_per_byte,achieved_gflops,flops,read_bytes,written_bytes,runs
1000,10,Cell-Based,0.09192100538599642,0.13439965181437355,0.22632065720036998,0.25153846153846154,0.05692834992655461,130800,308800,211200,3
1000,10,Face-Based + Global Face-Based,0.18755585374035558,0.11757762800768504,0.3051334817480406,0.29452852153667053,0.08987051325058704,151800,198600,316800,6
8000,20,Cell-Based,0.7684587813620072,1.1871391195196832,1.9555979008816904,0.24124352331606216,0.4717753277981943,931200,2343200,1516800,3
8000,20,Face-Based + Global Face-Based,1.564984348984349,0.9175652284223713,2.4825495774067203,0.28955597248280174,0.7188370571227714,1111200,1418400,2419200,6
27000,30,Cell-Based,2.5904761904761906,4.084544695071012,6.675020885547202,0.2374468085106383,1.5849624060150376,3013200,7765200,4924800,3
27000,30,Face-Based + Global Face-Based,5.154255319148936,2.9477629547014415,8.102018273850376,0.2877297990594271,2.3311920899107754,3634200,4595400,8035200,6
64000,40,Cell-Based,3.2264949402023917,5.1420007450261265,8.368495685228519,0.23547169811320753,1.9705438896538094,6988800,18236800,11443200,3
64000,40,Face-Based + Global Face-Based,6.883936234965983,3.886205872483337,10.77014210744932,0.28678142253978567,3.088676674529961,8476800,10665600,18892800,6
125000,50,Cell-Based,6.083112290008842,9.758325965222516,15.841438255231358,0.23426086956521738,3.711029100834198,13470000,35420000,22080000,3
125000,50,Face-Based + Global Face-Based,13.019385424051675,7.291494042636784,20.310879466688462,0.28620057606703325,5.812985403794315,16395000,20565000,36720000,6
216000,60,Cell-Based,9.631017770597738,15.518472126939166,25.149489897536903,0.23344262295081966,5.870962887556155,23068800,60976800,37843200,3
216000,60,Face-Based + Global Face-Based,18.047046755431552,10.052846058097288,28.099892813528836,0.28580829129195,8.031182350521622,28144800,35229600,63244800,6
343000,70,Cell-Based,14.373333333333333,23.23405949256343,37.60739282589676,0.2328526645768025,8.756981627296588,36397200,96569200,59740800,3
343000,70,Face-Based + Global Face-Based,26.694583079732197,14.812047125520419,41.50663020525261,0.28552557086242686,11.851204283930402,44482200,55595400,100195200,6
512000,80,Cell-Based,19.891164095371668,32.23137157841438,52.12253567378605,0.23240715268225584,12.11365010652392,54067200,143859200,88780800,3
512000,80,Face-Based + Global Face-Based,34.01372634904678,18.817779160699494,52.83150550974627,0.28531213777115416,15.073469778654218,66163200,82598400,149299200,6
729000,90,Cell-Based,24.46170598911071,39.71252268602541,64.17422867513612,0.23205882352941176,14.892196007259528,76690800,204508800,125971200,3
729000,90,Face-Based + Global Face-Based,42.0315699437547,23.200117933697932,65.23168787745263,0.28514530166691254,18.600509318058112,93943800,117174600,212284800,6
1000000,100,Cell-Based,30.741971207087484,49.984247288775364,80.72621849586285,0.2317790055248619,18.710642642753804,104880000,280180000,172320000,3
1000000,100,Face-Based + Global Face-Based,48.83621849077255,26.906258166017633,75.74247665679019,0.28501130469477326,21.58746209276518,128580000,160260000,290880000,6
1331000,110,Cell-Based,31.631822070145425,51.49537531174055,83.12719738188598,0.2315492957746479,19.248044013495853,139246800,372534800,228835200,3
1331000,110,Face-Based + Global Face-Based,55.137596407129124,30.331887212705603,85.46948361983472,0.28490131977236954,24.35036868355383,170827800,212790600,386812800,6
1728000,120,Cell-Based,36.93840830449827,60.197120526532295,97.13552883103057,0.2313573407202216,22.473017639799647,180403200,483235200,296524800,3
1728000,120,Face-Based + Global Face-Based,61.216131559101854,33.63303646781922,94.84916802692108,0.2848094232692521,27.013936843315783,221443200,275702400,501811200,6
2197000,130,Cell-Based,38.12252027448534,62.181883824151555,100.3044040986369,0.23119453924914676,23.189830490244585,228961200,613943200,376396800,3
2197000,130,Face-Based + Global Face-Based,66.94042574106686,36.73845566673374,103.6788814078006,0.2847314919396242,29.520642585874434,281182200,349931400,637603200,6
2744000,140,Cell-Based,42.329046563192904,69.09573574347512,111.42478230666802,0.2310547184773989,25.745221707272638,285532800,766320800,469459200,3
2744000,140,Face-Based + Global Face-Based,72.65128751626223,39.835834511354776,112.487122027617,0.28466456722969746,32.021097910905766,350800800,436413600,795916800,6
3375000,150,Cell-Based,38.20288676560276,62.401625433140474,100.60451219874324,0.23093333333333332,23.23293535042977,350730000,942030000,576720000,3
3375000,150,Face-Based + Global Face-Based,73.05917012927229,40.027312994390215,113.0864831236625,0.28460647116498794,32.18514489828455,431055000,536085000,978480000,6
4096000,160,Cell-Based,41.83116978364503,68.36774153494241,110.19891131858745,0.23082696316886728,25.436880044184857,425164800,1142732800,699187200,3
4096000,160,Face-Based + Global Face-Based,76.66511783020195,41.97335837727542,118.63847620747737,0.2845555648465591,33.75923860975378,522700800,649881600,1187020800,6
4913000,170,Cell-Based,45.141952506596304,73.81655920366714,118.95851171026345,0.23073298429319372,27.447652413985917,509449200,1370091200,837868800,3
4913000,170,Face-Based + Global Face-Based,80.40781780538302,43.99506697904181,124.40288478442483,0.28451059138514845,35.3939383200352,626494200,778739400,1423267200,6
5832000,180,Cell-Based,47.409101516919485,77.55913849491347,124.96824001183296,0.23064935064935066,28.823843410521473,604195200,1625767200,993772800,3
5832000,180,Face-Based + Global Face-Based,83.36075904610975,45.58551637063391,128.94627541674367,0.2844705707269886,36.68142056092053,743191200,923594400,1688947200,6
6859000,190,Cell-Based,49.4083473316966,80.86279594827744,130.27114327997404,0.2305744431418523,30.037196319232468,710014800,1911422800,1167907200,3
6859000,190,Face-Based + Global Face-Based,85.56799868604747,46.769332615159676,132.33733130120714,0.28443472741378095,37.641332755326076,873547800,1085382600,1985788800,6
8000000,200,Cell-Based,52.35680751173709,85.71981079392827,138.07661830566536,0.23050696378830082,31.82762205579504,827520000,2228720000,1361280000,3
8000000,200,Face-Based + Global Face-Based,88.01766771659244,48.08676684640949,136.10443456300192,0.28440243984181246,38.70843326300806,1018320000,1265040000,2315520000,6
10648000,220,Cell-Based,55.41750326553461,90.78854875481706,146.20605202035168,0.23039026862645717,33.6844515997826,1100035200,2964887200,1809772800,3
10648000,220,Face-Based + Global Face-Based,91.6243570045805,50.01853802917851,141.642895033759,0.2843466065003964,40.27567653774122,1354135200,1681706400,3080563200,6
13824000,240,Cell-Based,58.56204069237777,95.99104814903441,154.55308884141218,0.2302928870292887,35.592477028582955,1426636800,3847564800,2347315200,3
13824000,240,Face-Based + Global Face-Based,93.05085645932492,50.76451894145916,143.8153754007841,0.28430001677946193,40.886713639587526,1756684800,2181081600,3997900800,6
17576000,260,Cell-Based,59.657698856725865,97.83094441190234,157.4886432686282,0.23021039072563332,36.25552210172078,1812220800,4890048800,2981971200,3
17576000,260,Face-Based + Global Face-Based,94.00315517936983,51.256030733578804,145.25918591294862,0.28426055064827727,41.29145617433525,2232016800,2770653600,5081356800,6
21952000,280,Cell-Based,62.264329624549106,102.14487408368376,164.40920370823287,0.2301396090945353,37.83706987295653,2261683200,6105635200,3721804800,3
21952000,280,Face-Based + Global Face-Based,94.44361684852908,51.47205126434885,145.91566811287794,0.28422669034022746,41.47312741650636,2786179200,3457910400,6344755200,6
27000000,300,Cell-Based,62.42464392182842,102.44214169560676,164.8667856174352,0.2300782122905028,37.932255300941065,2779920000,7507620000,4574880000,3
27000000,300,Face-Based + Global Face-Based,94.06819150538166,51.2465902089465,145.31478171432815,0.28419732066848874,41.29807161673837,3425220000,4250340000,7801920000,6
32768000,320,Cell-Based,63.74186897008116,104.63443275465899,168.37630172474013,0.23002444987775061,38.7306661766835,3371827200,9109299200,5549260800,3
32768000,320,Face-Based + Global Face-Based,92.67785020980646,50.47117348847911,143.1490236982856,0.2841716038489012,40.67888765374618,4155187200,5155430400,9466675200,6
39304000,340,Cell-Based,63.7867224498097,104.73515599913326,168.52187844894297,0.22997698125616572,38.7561528813064,4042300800,10923968800,6653011200,3
39304000,340,Face-Based + Global Face-Based,91.27944636333368,49.69398500388968,140.97343136722336,0.2841488982950275,40.05744521186619,4982128800,6180669600,11352844800,6
46656000,360,Cell-Based,64.07520342191303,105.2330443906182,169.30824781253125,0.22993476234855545,38.92985172442471,4796236800,12964924800,7894195200,3
46656000,360,Face-Based + Global Face-Based,89.88569346267789,48.92151287202881,138.8072063347067,0.2841287043611495,39.43911169187096,5912092800,7333545600,13474252800,6
54872000,380,Cell-Based,64.27060771859212,105.57571293430294,169.84632065289506,0.2298969679128643,39.047154129256676,5638531200,15245463200,9280876800,3
54872000,380,Face-Based + Global Face-Based,89.41688411114185,48.65416742071154,138.07105153185339,0.28411062714685364,39.227453041540414,6951127200,8621546400,15844723200,6
64000000,400,Cell-Based,64.74618002751828,106.37665649837025,171.12283652588854,0.22986293706293706,39.33479780238159,6574080000,17778880000,10821120000,3
64000000,400,Face-Based + Global Face-Based,89.20469481456053,48.527761814384,137.73245662894453,0.2840943504155591,39.129012797139154,8105280000,10052160000,18478080000,6
